aptamer,smiles,pKd
CCTGGGGGAGTATTGCGGAGGAAGG,Nc1ncnc2c1ncn2[C@@H]1O[C@H](COP(=O)(O)OP(=O)(O)OP(=O)(O)O)[C@@H](O)[C@H]1O,6.798602875679548
AaAgcgggcggttgtatagcggaa,Nc1ncnc2c1ncn2[C@@H]1O[C@H](COP(=O)(O)O)[C@@H](O)[C@H]1O,6.198596289982645
GTCTCTGTGTGCGCCAGAGAACACTGGGGCAGATATGGGCCAGCACAGAATGAGGCCC,NCCc1ccc(Oc(O)c1,7.397940008672037
CTCAGTTCGGGACGACGGCAAGGTAACGTATGGGACCTTGGCACGAGTCCCGAA,CN1COCN(CC2=CN=C(Cl)S2)\C1=N/[N+]([O-])=O,6.262568799485417
TAGGGAAGAGAAGGACATATGATCTGCGTTTATCTCCGCTCGTTAAAGCATTCTATATGACACTTGACTAGTACATGACCACTTGA,C[C@]12CC[C@H]3[C@@H](CCC4=CC(=O)CC[C@@]43C)[C@@H]1CC[C@@H]2O,6.97061622231479
TAGGGAAGAGAAGGACATATGATGTCGCGCCAGCCTTCTGCGTTGAAATTAGCCTGACCGTTCTTGACTAGTACATGACCACTTGA,C[C@]12CC[C@H]3[C@@H](CCC4=CC(=O)CC[C@@]43C)[C@@H]1CC[C@@H]2O,6.478861916295964
TAGGGAAGAGAAGGACATATGATAGTTTGAGACCTTTGCAGTCTTTCAAACACGAAGTATTCATTGACTAGTACATGACCACTTGA,C[C@]12CC[C@H]3[C@@H](CCC4=CC(=O)CC[C@@]43C)[C@@H]1CC[C@@H]2O,7.744727494896693
TAGGGAAGAGAAGGACATATGATCACCAGGTGATGTGTTAACCATTTGTCGCGAAAGCCTTCTTTGACTAGTACATGACCACTTGA,C[C@]12CC[C@H]3[C@@H](CCC4=CC(=O)CC[C@@]43C)[C@@H]1CC[C@@H]2O,7.920818753952375
TAGGGAAGAGAAGGACATATGATTGCGTGGGTAGGAAGGGGCGGTGTGATCTGAATCGTTCGATTGACTAGTACATGACCACTTGA,C[C@]12CC[C@H]3[C@@H](CCC4=CC(=O)CC[C@@]43C)[C@@H]1CC[C@@H]2O,7.397940008672037
TAGGGAAGAGAAGGACATATGATTCCTGTCGAATTCAAATCGAACTAGCCTCATCTCAGCTCGTTGACTAGTACATGACCACTTGA,C[C@]12CC[C@H]3[C@@H](CCC4=CC(=O)CC[C@@]43C)[C@@H]1CC[C@@H]2O,7.744727494896693
TAGGGAAGAGAAGGACATATGATGTCCATCGTCTCTGCTCGTCGATTTCTCTTACGGTTTCACTTGACTAGTACATGACCACTTGA,C[C@]12CC[C@H]3[C@@H](CCC4=CC(=O)CC[C@@]43C)[C@@H]1CC[C@@H]2O,8.045757490560675
TAGGGAAGAGAAGGACATATGATAACAGTGGTCATCCGCTAGGGTACTTCAATCTTTGCCCGTTTGACTAGTACATGACCACTTGA,C[C@]12CC[C@H]3[C@@H](CCC4=CC(=O)CC[C@@]43C)[C@@H]1CC[C@@H]2O,7.744727494896693
TAGGGAAGAGAAGGACATATGATCAGGCATCTTCGCTCGTTGCCACGCTGTCAGCGTTGAGCATTGACTAGTACATGACCACTTGA,C[C@]12CC[C@H]3[C@@H](CCC4=CC(=O)CC[C@@]43C)[C@@H]1CC[C@@H]2O,6.30189945437661
TAGGGAAGAGAAGGACATATGATATTACTTGCGGGGGTCCTCTCATTGAAAATTTCCATAACTTTGACTAGTACATGACCACTTGA,C[C@]12CC[C@H]3[C@@H](CCC4=CC(=O)CC[C@@]43C)[C@@H]1CC[C@@H]2O,8.301029995663981
AATTCGCTAGCTGGAGCTTGGATTGATGTGGTGTGTGAGTGCGGTGCCC,C1=CC(=CC=C1CC(C(=O)N)N)O,-1.6532125137753435
GTAACCCTGCCACATCCAACCCCCATGTTGGCTCTTAC,Nc1ccc(cc1)S(=O)(=O)Nc3cnc2ccccc2n3,6.083335535458603
GTGGAGGCGGTGGCCAGTCTCGCGGTGGCGGC,OCC(O)C1OC(=O)C(=C1O)O,23.141243037758215
GTGGAGGCGGTGGCCGTGGAGGCGGAGGCCGC,OCC(O)C1OC(=O)C(=C1O)O,5.539102157243452
ACCAGCACATTCGATTATACCAGCTTATTCAATTCACAGCTATGTCCTATACCAGCTTATTCAATT,C(CS)[C@@H](C(=O)O)N,5.221848749616356
GTGGAAAGCCGAATGTGATTAGGGACCAGTGGAGAAGTAGTACGGACTGACCTCGCGTGTA,C(CS)[C@@H](C(=O)O)N,4.920818753952375
CGACGCCAGTTTGAAGGTTCGTTCGCAGGTGTGGAGTGACGTCG,C1=CC(=C(C=C1CCN)O)O,4.568636235841013
GTCTCTGTGTGCGCCAGAGACACTGGGGCAGATATGGGCCAGCACAGAATGAGGCCC,C1=CC(=C(C=C1CCN)O)O,4.795880017344075
AAAAAAAGTTGGGCACGTGTTGTCTCTGTGTCTCGTGCCCTTCGCTAGGCCCACA,CC(=O)Nc1ccc(cc1)S(=O)(=O)N,6.00436480540245
AAAAAAAGTTGGGCACGTGTTGTCTCTGTGTCTCGTGCCCTTCGCTAGGCCCACA,CC(=O)Nc1ccc(cc1)S(=O)(=O)N,6.00436480540245
AAAAAAAGTTGGGCACGTGTTGTCTCTGTGTCTCGTGCCCTTCGCTAGGCCCACA,CC(=O)Nc1ccc(cc1)S(=O)(=O)N,6.00436480540245
AAAAAAAGTTGGGCACGTGTTGTCTCTGTGTCTCGTGCCCTTCGCTAGGCCCACA,CC(=O)Nc1ccc(cc1)S(=O)(=O)N,6.00436480540245
AAAAAAAGTTGGGCACGTGTTGTCTCTGTGTCTCGTGCCCTTCGCTAGGCCCACA,CC(=O)Nc1ccc(cc1)S(=O)(=O)N,6.00436480540245
AAAAAAAGTTGGGCACGTGTTGTCTCTGTGTCTCGTGCCCTTCGCTAGGCCCACA,CC(=O)Nc1ccc(cc1)S(=O)(=O)N,6.00436480540245
AAAAAAAGTTGGGCACGTGTTGTCTCTGTGTCTCGTGCCCTTCGCTAGGCCCACA,CC(=O)Nc1ccc(cc1)S(=O)(=O)N,6.00436480540245
ACCTGGGGGAGTATTGCGGAGGAAGGT,C1=NC(=C2C(=N1)N(C=N2)C3C(C(C(O3)COP(=O)(O)OP(=O)(O)OP(=O)(O)O)O)O)N,6.00436480540245
GCTTCCAGCTTATTGAATTACACGCAGAGGGTAGCGGCTCTGCGCATTCAATTGCTGCGCGCTGAAGCGCGGAAGC,C[C@]12CC[C@@H]3c4ccc(O)cc4CC[C@H]3[C@@H]1CC[C@@H]2O,5.886056647693163
GGGAGACAAGGAAAATCCTTCAATGAAGTGGGTCGACA,COC(=O)[C@H]1[C@@H](OC(=O)c2ccccc2)C[C@@H]2CC[C@H]1N2C,5.3979400086720375
CGGGTGTGGGTGCCTTGATCCAGGGAGTCTCTAATC,CC(=O)Nc1ccc(cc1)S(=O)(=O)N,6.017728766960431
GCCTGTTGTGAGCCTCCTAACGTAATAGTCTTCCTGTCCAAGGGTTACTTCGTCATTAAGATGTGTTCTGCATGCTTATTCTTGTCTCCC,NCCC1=CN=CN1,5.974284616098659
GCCTGTTGTGAGCCTCCTAACATTTCTATGCTGCAGCCAACTTTTCCATACTTCCAGCTTACCATTTATCCATGCTTATTCTTGTCTCCC,NCCC1=CN=CN1,6.137868620686963
GCCTGTTGTGAGCCTCCTAACAAATTTCGACCCTTAATATTTCGCTCCGTCCACGCGTACTGATTCGTGTCATGCTTATTCTTGTCTCCC,NCCC1=CN=CN1,6.089909454405932
AACCTGGGGGAGTATTGCGGAGGAAGGT,C1=NC(=C2C(=N1)N(C=N2)C3C(C(C(O3)COP(=O)(O)OP(=O)(O)OP(=O)(O)O)O)O)N,2.221848749616356
GTGCTTGGGGGAGTATTGCGGAGGAAAGCGGCCCTGCTGAAG,C1=NC(=C2C(=N1)N(C=N2)C3C(C(C(O3)COP(=O)(O)OP(=O)(O)OP(=O)(O)O)O)O)N,6.00436480540245
GTGCTTGGGGGAATATTGTGGAGGAAAGCGGCCTGCCACCAG,C1=NC(=C2C(=N1)N(C=N2)C3C(C(C(O3)COP(=O)(O)OP(=O)(O)OP(=O)(O)O)O)O)N,6.00436480540245
ATGCTTGGGGGAGGAATGCGGAGGAAATTAGTCTGGTGCGG,C1=NC(=C2C(=N1)N(C=N2)C3C(C(C(O3)COP(=O)(O)OP(=O)(O)OP(=O)(O)O)O)O)N,6.00436480540245
TCGATTGGGGGAGTATTGCGGTGGAAATCGAGGTTGATTAAT,C1=NC(=C2C(=N1)N(C=N2)C3C(C(C(O3)COP(=O)(O)OP(=O)(O)OP(=O)(O)O)O)O)N,6.00436480540245
ATGCTTGGGGGAGGCTTTCGGAGGAAAGCGTCGGTCGTGTCG,C1=NC(=C2C(=N1)N(C=N2)C3C(C(C(O3)COP(=O)(O)OP(=O)(O)OP(=O)(O)O)O)O)N,25.3070145671907
TTGCTTGGGGGAGTTATTCGGAGGAAAGCAGTGCTGCTAAAG,C1=NC(=C2C(=N1)N(C=N2)C3C(C(C(O3)COP(=O)(O)OP(=O)(O)OP(=O)(O)O)O)O)N,6.00436480540245
TTGCTTGGGGGAGCGTACGAGGAAAGCCTCCCTGTCTGACTG,C1=NC(=C2C(=N1)N(C=N2)C3C(C(C(O3)COP(=O)(O)OP(=O)(O)OP(=O)(O)O)O)O)N,6.00436480540245
TTGCCTGGGGGAACATTGTGGAGGAAGCAGGGTGTAGTGGGC,C1=NC(=C2C(=N1)N(C=N2)C3C(C(C(O3)COP(=O)(O)OP(=O)(O)OP(=O)(O)O)O)O)N,6.00436480540245
AAGCATGGGGGAGTCTTGCGGAGGAATGCGCACCACGTGTCG,C1=NC(=C2C(=N1)N(C=N2)C3C(C(C(O3)COP(=O)(O)OP(=O)(O)OP(=O)(O)O)O)O)N,6.00436480540245
TGGTTTTCGGGGGAGTCTGAGGAGGAAAACGCCACGGCTAACG,C1=NC(=C2C(=N1)N(C=N2)C3C(C(C(O3)COP(=O)(O)OP(=O)(O)OP(=O)(O)O)O)O)N,6.00436480540245
CTGATTGGAGGAGTATTGCGGGGGAAATCGGGCCTGCTAAAG,C1=NC(=C2C(=N1)N(C=N2)C3C(C(C(O3)COP(=O)(O)OP(=O)(O)OP(=O)(O)O)O)O)N,6.00436480540245
ATGATTGGAGGAGCATCGCGGGGAAAGGGGCTCTGCTAAAG,C1=NC(=C2C(=N1)N(C=N2)C3C(C(C(O3)COP(=O)(VO)OP(=O)(O)OP(=O)(O)O)O)O)N,6.00436480540245
GTGATTGGGGGAGCATTGGGAGGAAAAATGCGCGTGTGATG,C1=NC(=C2C(=N1)N(C=N2)C3C(C(C(O3)COP(=O)(O)OP(=O)(O)OP(=O)(O)O)O)O)N,6.00436480540245
CTACCTGGGGGAGCATTGGGGAGGAAGGTAGCCGTGCGAAAA,C1=NC(=C2C(=N1)N(C=N2)C3C(C(C(O3)COP(=O)(O)OP(=O)(O)OP(=O)(O)O)O)O)N,6.00436480540245
AAGTTGGGGGAGTATTGCGGAGGAAAGCTGCACTACAGGTG,C1=NC(=C2C(=N1)N(C=N2)C3C(C(C(O3)COP(=O)(O)OP(=O)(O)OP(=O)(O)O)O)O)N,6.00436480540245
AAGCTCGGGGGAGTATCGCGGAGGAGAGCGGCTAAGATTATG,C1=NC(=C2C(=N1)N(C=N2)C3C(C(C(O3)COP(=O)(O)OP(=O)(O)OP(=O)(O)O)O)O)N,6.00436480540245
CTGCTTGGAGGAGAATCGCGGGGGAAAGAGGATGTGCTCAAA,C1=NC(=C2C(=N1)N(C=N2)C3C(C(C(O3)COP(=O)(O)OP(=O)(O)OP(=O)(O)O)O)O)N,6.00436480540245
GACTTGGGGGAGCATTGGGAGGAAAACGGCGCAGAACAAC,C1=NC(=C2C(=N1)N(C=N2)C3C(C(C(O3)COP(=O)(O)OP(=O)(O)OP(=O)(O)O)O)O)N,6.00436480540245
CTACCTGGGGGAGCATTGGGGAGGAAGGTAGCCGTGCGAAAA,C1=NC(=C2C(=N1)N(C=N2)C3C(C(C(O3)COP(=O)(O)OP(=O)(O)OP(=O)(O)O)O)O)N,6.00436480540245
GTGCGTGGGGGAAAATTTTGGAGGAATGCGACGCTGCTGAA,C1=NC(=C2C(=N1)N(C=N2)C3C(C(C(O3)COP(=O)(O)OP(=O)(O)OP(=O)(O)O)O)O)N,6.00436480540245
GTGATTGGGGGAGCATAGCGGAGGAAATCAACCCTACTGAAC,C1=NC(=C2C(=N1)N(C=N2)C3C(C(C(O3)COP(=O)(O)OP(=O)(O)OP(=O)(O)O)O)O)N,6.00436480540245
GTCCTTGGGGGAGCGTACAGGGAAAACGCGGTAATCATGATG,C1=NC(=C2C(=N1)N(C=N2)C3C(C(C(O3)COP(=O)(O)OP(=O)(O)OP(=O)(O)O)O)O)N,6.00436480540245
GTTCTTGGGGGAGTAGTACGGAGGAAAGCAGTCGTGATATGG,C1=NC(=C2C(=N1)N(C=N2)C3C(C(C(O3)COP(=O)(O)OP(=O)(O)OP(=O)(O)O)O)O)N,6.00436480540245
GTGATTGGGGGAATATTGTGGAGGAAAGAAGCCGTGCCGACC,C1=NC(=C2C(=N1)N(C=N2)C3C(C(C(O3)COP(=O)(O)OP(=O)(O)OP(=O)(O)O)O)O)N,6.00436480540245
TATCTTGGGGGAACATGCTGGCGGAAAGCTAGAGTGCTCAAA,C1=NC(=C2C(=N1)N(C=N2)C3C(C(C(O3)COP(=O)(O)OP(=O)(O)OP(=O)(O)O)O)O)N,6.00436480540245
ATGCGTGGGGGAGCATTACGGAGGAACGCTTGCTTGCTGAAC,C1=NC(=C2C(=N1)N(C=N2)C3C(C(C(O3)COP(=O)(O)OP(=O)(O)OP(=O)(O)O)O)O)N,6.00436480540245
GAGCTGGGGGGAGTATTATGGAGGAGAGCGACCTTGCTGACG,C1=NC(=C2C(=N1)N(C=N2)C3C(C(C(O3)COP(=O)(O)OP(=O)(O)OP(=O)(O)O)O)O)N,6.00436480540245
ACACTTGGAGGAGTATGGCGGGGGAGAGTAGCAGTTCCGAAT,C1=NC(=C2C(=N1)N(C=N2)C3C(C(C(O3)COP(=O)(O)OP(=O)(O)OP(=O)(O)O)O)O)N,6.00436480540245
TCGATTGGGGGAATAACGTGGAGGAAATCGCCTATTCTGAAG,C1=NC(=C2C(=N1)N(C=N2)C3C(C(C(O3)COP(=O)(O)OP(=O)(O)OP(=O)(O)O)O)O)N,6.00436480540245
CACTTTGGGGGAGTCTTGGGGAGGAGAACGTGCGTGCAGACC,C1=NC(=C2C(=N1)N(C=N2)C3C(C(C(O3)COP(=O)(O)OP(=O)(O)OP(=O)(O)O)O)O)N,6.00436480540245
TTGCGTGGGGGAACATTGTGGAGGAACGCGGCCGTACAGATG,C1=NC(=C2C(=N1)N(C=N2)C3C(C(C(O3)COP(=O)(O)OP(=O)(O)OP(=O)(O)O)O)O)N,6.00436480540245
GTTTTGGGGGAGAATTTCGGAGGAAAGCAAGGTCGTGCTTAG,C1=NC(=C2C(=N1)N(C=N2)C3C(C(C(O3)COP(=O)(O)OP(=O)(O)OP(=O)(O)O)O)O)N,6.00436480540245
GCGCTTGGGGGAAAATTGTGGAGGAAAGCACCCCAGTTGTTA,C1=NC(=C2C(=N1)N(C=N2)C3C(C(C(O3)COP(=O)(O)OP(=O)(O)OP(=O)(O)O)O)O)N,6.00436480540245
GAGCTTGGGGGAGCATTGCGAGGGAAGCTGGGGTGTTTATG,C1=NC(=C2C(=N1)N(C=N2)C3C(C(C(O3)COP(=OV)(O)OP(=O)(O)OP(=O)(O)O)O)O)N,6.00436480540245
GGCAGTGGGGCAGGAATGCGGAGGAATGTAGCCCGGTGGAAG,C1=NC(=C2C(=N1)N(C=N2)C3C(C(C(O3)COP(=O)(O)OP(=O)(O)OP(=O)(O)O)O)O)N,6.00436480540245
GTGCTTGGGGGAGTATTGTGGAGGAAAGCACACCTGTTCACG,C1=NC(=C2C(=N1)N(C=N2)C3C(C(C(O3)COP(=O)(O)OP(=O)(O)OP(=O)(O)O)O)O)N,6.00436480540245
GTGGTTGGGGGAGCAATGGGAGGAAATCCGGTGCGCTGAATC,C1=NC(=C2C(=N1)N(C=N2)C3C(C(C(O3)COP(=O)(O)OP(=O)(O)OP(=O)(O)O)O)O)N,6.00436480540245
GATCGGGGGAGAGAATAGCGGAGGAGATCGTCCCTGCTGAGG,C1=NC(=C2C(=N1)N(C=N2)C3C(C(C(O3)COP(=O)(O)OP(=O)(O)OP(=O)(O)O)O)O)N,23.0673776217162
GTGCTCGGGGGAACCTTGTGGAGGAGAAGCGCATTACGGTGTTT,C1=NC(=C2C(=N1)N(C=N2)C3C(C(C(O3)COP(=O)(O)OP(=O)(O)OP(=O)(O)O)O)O)N,6.00436480540245
GTgcATGGgggaAGtATGACggGgGAATGCaGCCCGGatGAAg,C1=NC(=C2C(=N1)N(C=N2)C3C(C(C(O3)COP(=O)(O)OP(=O)(O)OP(=O)(O)O)O)O)N,6.00436480540245
CTTTTTGGGGGAGTATTTACGGAGGAAAATTGCAGTGACTGAAC,C1=NC(=C2C(=N1)N(C=N2)C3C(C(C(O3)WCOP(=O)(O)OP(=O)(O)OP(=O)(O)O)O)O)N,6.00436480540245
CTTGTTGGGGGAGTACTACGGGAGGAAACAGGGTTCCTGAAG,C1=NC(=C2C(=N1)N(C=N2)C3C(C(C(O3)COP(=O)(O)OP(=O)(O)OP(=O)(O)O)O)O)N,6.00436480540245
CCTGGGGGAGTATTGCGGAGGAAGG,C1=NC(=C2C(=N1)N(C=N2)C3C(C(C(O3)COP(=O)(O)OP(=O)(O)OP(=O)(O)O)O)O)N,4.221848749616356
TGGGGGGAGTATTGCGYGAGGAA,C1=NC(=C2C(=N1)N(C=N2)C3C(C(C(O3)COP(=O)(O)OP(=O)(O)OP(=O)(O)O)O)O)N,6.00436480540245
CTGGGGGGAGTATTGCGGAGGAAG,C1=NC(=C2C(=N1)N(C=N2)C3C(C(C(O3)COP(=O)(O)OP(=O)(O)OP(=O)(O)O)O)O)N,6.00436480540245
TCCTGGGGGGAGTATTGCGGAGGAAGGA,C1=NC(=C2C(=N1)N(C=N2)C3C(C(C(O3)COP(=O)(O)OP(=O)(O)OP(=O)(O)O)O)O)N,6.00436480540245
CCTGGGGGACATTGGGAGGAAGG,C1=NC(=C2C(=N1)N(C=N2)C3C(C(C(O3)COP(=O)(O)OP(=O)(O)OP(=O)(O)O)O)O)N,6.00436480540245
CCTGGGGGACATTGGGAGGAAGG,C1=NC(=C2C(=N1)N(C=N2)C3C(C(C(O3)COP(=O)(O)OP(=O)(O)OP(=O)(O)O)O)O)N,6.00436480540245
CCTGGGGGAGATTCGGAGGAAGG,C1=NC(=C2C(=N1)N(C=N2)C3C(C(C(O3)COP(=O)(O)OP(=O)(O)OP(=O)(O)O)O)O)N,6.00436480540245
CCTGGGGGACATTGGGGAGGAAGG,C1=NC(=C2C(=N1)N(C=N2)C3C(C(C(O3)COP(=O)(O)OP(=O)(O)OP(=O)(O)O)O)O)N,6.00436480540245
CCTGGGGGAGCATTGGGGAGGAAGG,C1=NC(=C2C(=N1)N(C=N2)C3C(C(C(O3)COP(=O)(O)OP(=O)(O)OP(=O)(O)O)O)O)N,21.476158182103294
CCTGGGGGAGCATTGCGGAGGAAGG,C1=NC(=C2C(=N1)N(C=N2)C3C(C(C(O3)COP(=O)(O)OP(=O)(O)OP(=O)(O)O)O)O)N,6.00436480540245
CCTGGGGGAGCATTGCGGAGGAAGG,C1=NC(=C2C(=N1)N(C=N2)C3C(C(C(O3)COP(=O)(O)OP(=O)(O)OP(=O)(O)O)O)O)N,21.15713884227874
CCTGGGGGAGCTATTAGCGGAGGAAGG,C1=NC(=C2C(=N1)N(C=N2)C3C(C(C(O3)COP(=O)(O)OP(=O)(O)OP(=O)(O)O)O)O)N,6.00436480540245
CCTGGGGGAGAGATTACTGGAGGAAGG,C1=NC(=C2C(=N1)N(C=N2)C3C(C(C(O3)COP(=O)(O)OP(=O)(O)OP(=O)(O)O)O)O)N,6.00436480540245
CCTGGGGGAGTAGATTCTAGGAGGAAGG,C1=NC(=C2C(=N1)N(C=N2)C3C(C(C(O3)COP(=O)(O)OP(=O)(O)OP(=O)(O)O)O)O)N,3.0
CCTAGGGGAGTATTGCGGAGGAAGG,C1=NC(=C2C(=N1)N(C=N2)C3C(C(C(O3)COP(=O)(O)OP(=O)(O)OP(=O)(O)O)O)O)N,6.00436480540245
CCTGAGGGAGTATTGCGGAGGAAGG,C1=NC(=C2C(=N1)N(C=N2)C3C(C(C(O3)COP(=O)(O)OP(=O)(O)OP(=O)(O)O)O)O)N,6.00436480540245
CCTGGGAGAGTATTGCGGAGGAAGG,C1=NC(=C2C(=N1)N(C=N2)C3C(C(C(O3)COP(=O)(O)OP(=O)(O)OP(=O)(O)O)O)O)N,3.0
CCTGGGGAAGTATTGCGGAGGAAGG,C1=NC(=C2C(=N1)N(C=N2)C3C(C(C(O3)COP(=O)(O)OP(=O)(O)OP(=O)(O)O)O)O)N,3.0
CCTGGGGGAGTATTGCAGAGGAAGG,C1=NC(=C2C(=N1)N(C=N2)C3C(C(C(O3)COP(=O)(O)OP(=O)(O)OP(=O)(O)O)O)O)N,3.0
CCTGGGGGAGTATTGCGAAGGAAGG,C1=NC(=C2C(=N1)N(C=N2)C3C(C(C(O3)COP(=O)(O)OP(=O)(O)OP(=O)(O)O)O)O)N,3.0
CCTGGGGGAGTATTGCGGAAGAAGG,C1=NC(=C2C(=N1)N(C=N2)C3C(C(C(O3)COP(=O)(O)OP(=O)(O)OP(=O)(O)O)O)O)N,3.0
CCTGGGGGAGTATTGCGGAGAAAGG,C1=NC(=C2C(=N1)N(C=N2)C3C(C(C(O3)COP(=O)(O)OP(=O)(O)OP(=O)(O)O)O)O)N,3.0
CCTGGAGGAGTATTGCGGAGGAAGG,C1=NC(=C2C(=N1)N(C=N2)C3C(C(C(O3)COP(=O)(O)OP(=O)(O)OP(=O)(O)O)O)O)N,6.00436480540245
CCTGGAGGAGTATTGCGGGGGAAGG,C1=NC(=C2C(=N1)N(C=N2)C3C(C(C(O3)COP(=O)(O)OP(=O)(O)OP(=O)(O)O)O)O)N,6.00436480540245
CCTGGGGGAGTATTGCGGTGGAAGG,C1=NC(=C2C(=N1)N(C=N2)C3C(C(C(O3)COP(=O)(O)OP(=O)(O)OP(=O)(O)O)O)O)N,6.00436480540245
CCTGGGGGAGTATTGCGGGGGAAGG,C1=NC(=C2C(=N1)N(C=N2)C3C(C(C(O3)COP(=O)(O)OP(=O)(O)OP(=O)(O)O)O)O)N,6.00436480540245
CCTGGGGGAGTATTGCGGCGGAAGG,C1=NC(=C2C(=N1)N(C=N2)C3C(C(C(O3)COP(=O)(O)OP(=O)(O)OP(=O)(O)O)O)O)N,3.0
cCTgGTTgGAGtAttGcGGttGgAagg,C1=NC(=C2C(=N1)N(C=N2)C3C(C(C(O3)COP(=O)(O)OP(=O)(O)OP(=O)(O)O)O)O)N,3.0
CCTGGGGGCGTATTGCGGAGGAAGG,C1=NC(=C2C(=N1)N(C=N2)C3C(C(C(O3)COP(=O)(O)OP(=O)(O)OP(=O)(O)O)O)O)N,-13.594587955305634
CCTGGGGGTGTATTGCGGAGGAAGG,C1=NC(=C2C(=N1)N(C=N2)C3C(C(C(O3)COP(=O)(O)OP(=O)(O)OP(=O)(O)O)O)O)N,3.0
CCTGGGGGGGTATTGCGGAGGAAGG,C1=NC(=C2C(=N1)N(C=N2)C3C(C(C(O3)COP(=O)(O)OP(=O)(O)OP(=O)(O)O)O)O)N,3.0
CCTGGGGGGTATTGCGGAGGAAGG,C1=NC(=C2C(=N1)N(C=N2)C3C(C(C(O3)COP(=O)(O)OP(=O)(O)OP(=O)(O)O)O)O)N,3.0
CCTGGGGGAGTATTGCGGAGGCAGG,C1=NC(=C2C(=N1)N(C=N2)C3C(C(C(O3)COP(=O)(O)OP(=O)(O)OP(=O)(O)O)O)O)N,3.0
CCTGGGGGAGTATTGCGGAGGGAGG,C1=NC(=C2C(=N1)N(C=N2)C3C(C(C(O3)COP(=O)(O)OP(=O)(O)OP(=O)(O)O)O)O)N,3.0
CCTGGGGGAGTATTGCGGAGGTAGG,C1=NC(=C2C(=N1)N(C=N2)C3C(C(C(O3)COP(=O)(O)OP(=O)(O)OP(=O)(O)O)O)O)N,3.0
CCTGGGGGAGTATTGCGGAGGAGG,C1=NC(=C2C(=N1)N(C=N2)C3C(C(C(O3)COP(=O)(O)OP(=O)(O)OP(=O)(O)O)O)O)N,6.00436480540245
CCTGGGGGAGTATTGCGGAGGTGG,C1=NC(=C2C(=N1)N(C=N2)C3C(C(C(O3)COP(=O)(O)OP(=O)(O)OP(=O)(O)O)O)O)N,3.0
CCTGGGGGAGTATTGCGGAGGGCG,C1=NC(=C2C(=N1)N(C=N2)C3C(C(C(O3)COP(=O)(O)OP(=O)(O)OP(=O)(O)O)O)O)N,3.0
CCTGGGGGGGAGTATTGCGGGAGGGAAGG,C1=NC(=C2C(=N1)N(C=N2)C3C(C(C(O3)COP(=O)(O)OP(=O)(O)OP(=O)(O)O)O)O)N,6.00436480540245
ATAGCGGAGGAAGGATACCTGGGGGAGTATAT,C1=NC(=C2C(=N1)N(C=N2)C3C(C(C(O3)COP(=O)(O)OP(=O)(O)OP(=O)(O)O)O)O)N,6.00436480540245
CCTGGAGGAGTATAT,C1=NC(=C2C(=N1)N(C=N2)C3C(C(VC(O3)COP(=O)(O)OP(=O)(O)OP(=O)(O)O)O)O)N,3.0
ATAGCGGAGGAAGG,C1=NC(=C2C(=N1)N(C=N2)C3C(C(C(O3)COP(=O)(O)OP(=O)(O)OP(=O)(O)O)O)O)N,3.0
ATTATAGCGGAGGAAGGTAT,C1=NC(=C2C(=N1)N(C=N2)C3C(C(C(O3)COP(=O)(O)OP(=O)(O)OP(=O)(O)O)O)O)N,3.0
ATACCTGGGGGAGTATATAAT,C1=NC(=C2C(=N1)N(C=N2)C3C(C(C(O3)COP(=O)(O)OP(=O)(O)OP(=O)(O)O)O)O)N,3.0
CCTGGGGGAGTATTGCGGAGGAAGG,C1=NC2=C(N1C3C(C(C(O3)COP(=O)(O)OP(=O)(O)OP(=O)(O)O)O)O)N=C(NC2=O)N,3.0
CCTGGGGGAGTATTGCGGAGGAAGG,C1=CN(C(=O)N=C1N)C2C(C(C(O2)COP(=O)(O)OP(=O)(O)OP(=O)(O)O)O)O ,3.0
CCTGGGGGAGTATTGCGGAGGAAGG,C1=CN(C(=O)NC1=O)C2C(C(C(O2)COP(=O)(O)OP(=O)(O)OP(=O)(O)O)O)O ,3.0
CCTGGGGGAGTATTGCGGAGGApsAGG,C1=NC(=C2C(=N1)N(C=N2)C3C(C(C(O3)CO)OP(=O)(O)O)O)N ,3.0
CCTGGGGGAGTATTGCGGAGGAAGG,NC1=C2C(N(C=N2)[C@@H]3[C@@H]([C@@H]([C@H](O3)CO)O)O)=NC=N1,-15.196353736515299
CCTGGGGGAGTATTGCGGAGGAAGG,C1=NC(=C2C(=N1)N(C(=N2)Br)C3C(C(C(O3)CO)O)O)N,6.00436480540245
CCTGGGGGAGTATTGCGGAGGAAGG,C1=NC(=C2C(=N1)N(C(=N2)N=[N+]=[N-])C3C(C(C(O3)CO)O)O)N ,6.00436480540245
CCTGGGGGAGTATTGCGGAGGAAGG,C1=CN(C2=NC=NC(=C21)N)C3C(C(C(O3)CO)O)O ,3.0
CCTGGGGGAGTATTGCGGAGGAAGG,CC1C(CC(O1)N2C=NC3=C(N=CN=C32)N)O,6.00436480540245
CCTGGGGGAGTATTGCGGAGGAAGG,C1=NC(=C2C(=N1)N(C=N2)C3C(C(C(O3)CO)O)O)N,-11.133931634098225
CCTGGGGGAGTATTGCGGAGGAAGG,C1C(OC(C1O)N2C=NC3=C(N=CN=C32)N)CO,6.00436480540245
CCTGGGGGAGTATTGCGGAGGAAGG,C1CC(OC1CO)N2C=NC3=C(N=CN=C32)N,6.00436480540245
CCTGGGGGAGTATTGCGGAGGAAGG,C1C2C(C(C(O2)N3C=NC4=C(N=CN=C43)N)O)OP(=O)(O1)O,6.00436480540245
CCTGGGGGAGTATTGCGGAGGAAGG,C1=NC(=C2C(=N1)N(C=N2)C3C4C(C(O3)CO)OP(=O)(O4)O)N ,3.0
CCTGGGGGAGTATTGCGGAGGAAGG,C1=NC(=C2C(=N1)N(C=N2)C3C(C(C(O3)CO)O)OP(=O)(O)O)N ,3.0
CCTGGGGGAGTATTGCGGAGGAAGG,COC1C(C(OC1N2C=NC3=C(N=CN=C32)N)CO)O,6.00436480540245
CCTGGGGGAGTATTGCGGAGGAAGG,CN1C=NC(=N)C2=C1N=CN2 ,6.00436480540245
CCTGGGGGAGTATTGCGGAGGAAGG,COC1C(OC(C1O)N2C=NC3=C(N=CN=C32)N)CO,6.00436480540245
CCTGGGGGAGTATTGCGGAGGAAGG,C1=NC2=NC=NC(=C2N1)N,6.00436480540245
CCTGGGGGAGTATTGCGGAGGAAGG,CC1=NC(=C2C(=N1)N=CN2)N ,6.00436480540245
CCTGGGGGAGTATTGCGGAGGAAGG,CN1C=NC2=C(C1=N)N=CN2C3C(C(C(O3)CO)O)O ,3.0
CCTGGGGGAGTATTGCGGAGGAAGG,C1C(C(OC1N2C=NC3=C(N=CN=C32)N)COP(=O)(O)OP(=O)(O)OP(=O)(O)O)O ,6.00436480540245
CCTGGGGGAGTATTGCGGAGGAAGG,C(C(C(C(C=O)O)O)O)O,6.00436480540245
CCTGGGGGAGTATTGCGGAGGAAGG,CNC1=C2C(=NC=N1)N(C=N2)C3C(C(C(O3)CO)O)O,3.0
CCTGGGGGAGTATTGCGGAGGAAGG,C1=C2C(=NC(=N1)N)N(C=N2)C3C(C(C(O3)CO)O)O,3.0
CCTGGGGGAGTATTGCGGAGGAAGG,C1=C2C(=NC=N1)N(C=N2)C3C(C(C(O3)CO)O)O,3.0
CCTGGGGGAGTATTGCGGAGGAAGG,C1=NC2=C(C(=O)N1)N=CN2C3C(C(C(O3)CO)O)O,3.0
TGTACCGTCTGAGCGATTCGTACGAACGGCTTTGTACTGTTTGCACTGGCGGATTTAGCCAGTCAGTGTTAAGGAGTGC,CCNC1=NC(=NC(=N1)Cl)NC(C)C,8.207608310501746
TGTACCGTCTGAGCGATTCGTACCATTAGTGGGTGCTCCTTACCTGATGGTCATCTAGCCAGTCAGTGTTAAGGAGTGC,CCNC1=NC(=NC(=N1)Cl)NC(C)C,7.292429823902063
TGTACCGTCTGAGCGATTCGTACGGATTGGGTTTGCACTTTACCTGCGGTGCATCGCAGCCAGTCAGTGTTAAGGAGTGC,CCNC1=NC(=NC(=N1)Cl)NC(C)C,6.6823544567788415
TGAGGCGGGTGGGTGGGTTGAATACGCTGATTACCCCATCGTAGAACGTTAAGGCGCTTC,C(CO)N,6.00436480540245
TGAGGCGGGTGGGTGfGGTTGAATACGCTGATTACCCCACCGGAGAACGTTAAGGCGCTTC,C(CO)N,6.00436480540245
TGAGGCGGGTGGGTGGGTTGAATACGCTGATTACCCCATCGTATAACGTTAAGGCGCTTC,C(CO)N,6.00436480540245
GGAGGCGGGTGGGTGGGTTGAATACGCTGATTACCCCAACGGAGAACGTTAAGGCGCTTC,C(CO)N,6.00436480540245
TGAGGCGGGTGGGTGGGTTGAATACGCTGATCACCCCATCGGAGAACGTTAAGGCGCTTC,C(CZO)N,6.00436480540245
TGAGGCGGGTGGGTGGGTTGAATACGCTCATTACCCCATCGGAGAACGTTAAGGCGCTTC,C(CO)N,6.00436480540245
AGTGGCGGGTGGGTGGGTTGAATACGCTGATTACCCCATCGTAGAACGTTAAGGCGCTTC,C(CO)N,6.00436480540245
CGAGGCGGGTGGGTGGGTTGAATACGCTGATTACCCCATCGGAGAACGCTAAGGCGCTTC,C(CO)N,6.00436480540245
GGAGGCGGGTGGGTGGGTTGAATACGCTGATTACCCCACCGGAGAACGTTAAGGCGCTAC,C(CO)N,6.00436480540245
GCTGCGAGGTGGGTGGGTGGGAGCAATTGGTCTTCGCTTAGCTTCTACGGTGGGCTATCT,C(CO)N,6.00436480540245
GCTGCGAGGTGGGTGGGTGGGAGCAATTGGTTCTCGCTTAGCTTCTACGGTGGGCTATCT,C(CO)N,6.00436480540245
GCTGCGAGGTGGGTGGGTGGGAGCAATTGATCTTCGCZTTAGCTTCTACGGTGGGCTATCT,C(CO)N,6.00436480540245
CCGAGTTTGGGTGGGAGTGGTGGGTTCGGAATTGTTAGTTATTTGGGTTTATGCGAGGTG,C(CO)N,6.00436480540245
TGAGGCGGGTGGGTGGGTTGAATATGCTGATTACCCCATCGGAGAACGTTAAGGCGCTTC,C(CO)N,7.221848749616356
TGAGGCGGGTGGGTGGGTTGAATACGCTGATCACCCCATCGGAGAACGTTAAGGCGCTTT,C(CO)N,7.045757490560675
GCTGCGAGGTGGGTGGGTGGGAGCAATTGGTCCTCGCTTAGCTTCTACGGTGGGCTATCT,C(CO)N,-11.592960234994967
GCTGTGAGGTGGGTGGGTGGGAGCAATTGGTCCTCGCTTAGCTTCTACGGTGGGCTATCT,C(CON,6.823908740944319
GCTGCGAGGTGGGTGGGTGGGAGCAATTGATCCTCGCTTAGCTTCTACGGTGGGCTATCT,C(CON,7.0
GCTGCGAGGTGGGTGGGTGGGAGCAATTGGTCCTTGCTTAGCTTCTACGGTGGGCTATCT,C(CO)N,6.721246399047171
GTAGTGTTATGATTCGGTCTGGGGATAATTAGTAGCTAGT,C[C@H]1[C@@]([C@H]([C@@H](O1)O[C@@H]2[C@H]([C@@H]([C@H]([C@@H]([C@H]2O)O)N=C(N)N)O)N=C(N)N)O[C@H]3[C@H]([C@@H]([C@H]([C@@H](O3)CO)O)O)NC)(C=O)O,6.00436480540245
GAATTATCAATCGTTGCAAGCTTACTTTTTCTAGCCTTATCA,C[C@H]1[C@@]([C@H]([C@@H](O1)O[C@@H]2[C@H]([C@@H]([C@H]([C@@H]([C@H]2O)O)N=C(N)N)O)N=C(N)N)O[C@H]3[C@H]([C@@H]([C@H]([C@@H](O3)CO)O)O)NC)(C=O)O,6.00436480540245
TAGATGGATCCATGGAGTTCACTCACATTTTTTTTGCTGG,C[C@H]1[C@@]([C@H]([C@@H](O1)O[C@@H]2[C@H]([C@@H]([C@H]([C@@H]([C@H]2O)O)N=C(N)N)O)N=C(N)N)O[C@H]3[C@H]([C@@H]([C@H]([C@@H](O3)CO)O)O)NC)(C=O)O,-13.680914676838121
TGATCGTTGCGGCGCAGATGCCTTCGTCGGTTTAGGGGTT,C[C@H]1[C@@]([C@H]([C@@H](O1)O[C@@H]2[C@H]([C@@H]([C@H]([C@@H]([C@H]2O)O)N=C(N)N)O)N=C(N)N)O[C@H]3[C@H]([C@@H]([C@H]([C@@H](O3)CO)O)O)NC)(C=O)O,6.00436480540245
TGTCTTGTGATTTTAAATCTGCTTACATAGTTGCTATGGG,C[C@H]1[C@@]([C@H]([C@@H](O1)O[C@@H]2[C@H]([C@@H]([C@H]([C@@H]([C@H]2O)O)N=C(N)N)O)N=C(N)N)O[C@H]3[C@H]([C@@H]([C@H]([C@@H](O3)CO)O)O)NC)(C=O)O,6.00436480540245
GTTCTGAACATTCACTTGTGTTGTAATTCCTTAGGGCTAC,C[C@H]1[C@@]([C@H]([C@@H](O1)O[C@@H]2[C@H]([C@@H]([C@H]([C@@H]([C@H]2O)O)N=C(N)N)O)N=C(N)N)O[C@H]3[C@H]([C@@H]([C@H]([C@@H](O3)CO)O)O)NC)(C=O)O,6.00436480540245
CTCCCTTGTACCCGCCCAACTGCTATTCTTTATTGGTGCA,C[C@H]1[C@@]([C@H]([C@@H](O1)O[C@@H]2[C@H]([C@@H]([C@H]([C@@H]([C@H]2O)O)N=C(N)N)O)N=C(N)N)O[C@H]3[C@H]([C@@H]([C@H]([C@@H](O3)CO)O)O)NC)(C=O)O,6.00436480540245
ATGCCATAGTCTTTGCTACAAAAGTGGTGCGCTTATTTGT,C[C@H]1[C@@]([C@H]([C@@H](O1)O[C@@H]2[C@H]([C@@H]([C@H]([C@@H]([C@H]2O)O)N=C(N)N)O)N=C(N)N)O[C@H]3[C@H]([C@@H]([C@H]([C@@H](O3)CO)O)O)NC)(C=O)O,6.00436480540245
CTAGTACTTTATCCTAATTGTAGGTCCTCTGTTAGTATTT,C[C@H]1[C@@]([C@H]([C@@H](O1)O[C@@H]2[C@H]([C@@H]([C@H]([C@@H]([C@H]2O)O)N=C(N)N)O)N=C(N)N)O[C@H]3[C@H]([C@@H]([C@H]([C@@H](O3)CO)O)O)NC)(C=O)O,6.00436480540245
GCGTTCTTTTAGTTTGTTTGGCTTTTGTGTATTGGGCTT,C[C@H]1[C@@]([C@H]([C@@H](O1)O[C@@H]2[C@H]([C@@H]([C@H]([C@@H]([C@H]2O)O)N=C(N)N)O)N=C(N)N)O[C@H]3[C@H]([C@@H]([C@H]([C@@H](O3)CO)O)O)NC)(C=O)O,6.00436480540245
GTGCGTTATAAACTAGTTTTGATTCAATGTTGGGTGTGGG,C[C@H]1[C@@]([C@H]([C@@H](O1)O[C@@H]2[C@H]([C@@H]([C@H]([C@@H]([C@H]2O)O)N=C(N)N)O)N=C(N)N)O[C@H]3[C@H]([C@@H]([C@H]([C@@H](O3)CO)O)O)NC)(C=O)O,7.067526235322847
GGGCCTGTTTTGCCTTCACGTTCTCTTCCTTGCCTGTCTG,C[C@H]1[C@@]([C@H]([C@@H](O1)O[C@@H]2[C@H]([C@@H]([C@H]([C@@H]([C@H]2O)O)N=C(N)N)O)N=C(N)N)O[C@H]3[C@H]([C@@H]([C@H]([C@@H](O3)CO)O)O)NC)(C=O)O,6.881404634776238
CCCGTTTAAAGTAGTTGAGAGTATTCCGTTTCTTTGTGTC,C[C@H]1[C@@]([C@H]([C@@H](O1)O[C@@H]2[C@H]([C@@H]([C@H]([C@@H]([C@H]2O)O)N=C(N)N)O)N=C(N)N)O[C@H]3[C@H]([C@@H]([C@H]([C@@H](O3)CO)O)O)NC)(C=O)O,7.2168113089247425
GGCGATACCAGCCGAAAGGCCCTTGGCAGCGTC,CN1C2=C(C(=O)N(C1=O)C)NC=N2,7.87942606879415
AGCGGGGCCAGCCACTTCTGTCAGTGAATTCCTGCTCGTATATCTACTCGCCCGCCTGGGG,CC(=O)NC1C(CC(OC1C(C(CO)O)O)(C(=O)O)OC2C(C(OC(C2O)OC(C(CO)O)C(C(C=O)O)O)CO)O)O,4.309803919971486
ATACCAGCTTATTCAATTTGAGGCGGGTGGGTGGGTTGAATACGCTGATTACCCCATCGGAGAACGTTAAGGCGCTTCAGATAGTAAGTGCAATCT,NCCO,7.221848749616356
GTGGGTCATTGTGGGTGGGTGTGG,CC1=C(C2=CC3=C(C(=C([N-]3)C=C4C(=C(C(=N4)C=C5C(=C(C(=N5)C=C1[N-]2)C)C=C)C)C=C)C)CCC(=O)O)CCC(=O)O.[Cl-].[Fe+3],7.154901959985743
GTGGGTAGGGCGGGTTGG,CC1=C(C2=CC3=C(C(=C([N-]3)C=C4C(=C(C(=N4)C=C5C(=C(C(=N5)C=C1[N-]2)C)C=C)C)C=C)C)CCC(=O)O)CCC(=O)O.[Cl-].[Fe+3],6.00436480540245
TTGCCTAACCGTGAAGGTAAAACGATTTAGTCAAACGTGGGAGGGCGGTGGTGTTGACTGATCGATTTTATTCCA,CCC1=C(C2=CC3=NC(=CC4=NC(=CC5=C(C(=C(N5C)C=C1N2)C)CC)C(=C4CCC(=O)O)C)C(=C3C)CCC(=O)O)C,5.301029995663981
TTGCCTAACCGTGAAGGTAAAACGATTTAGTCAAACGTGGGAGGGCGGTGGTGTTGACTGATCGATTTTATTCCA,CCC1=C(C2=CC3=C(C(=C(N3)C=C4C(=C(C(=N4)C=C5C(=C(C(=N5)C=C1N2)C)CCC(=O)O)CCC(=O)O)C)C)CC)C,4.823908740944319
TTGCCTAACCGTGAAGGTAAAACGATTTAGTCAAACGTGGGAGGGCGGTGGTGTTGACTGATCGATTTTATTCCA,CCC1=C(C2=CC3=C(C(=C([N-]3)C=C4C(=C(C(=N4)C=C5C(=C(C(=N5)C=C1[N-]2)C)CCC(=O)O)CCC(=O)O)C)C)CC)C.O.[Fe+3],4.552841968657781
TTGCCTAACCGTGAAGGTAAAACGATTTAGTCAAACGTGGGAGGGCGGTGGTGTTGACTGATCGATTTTATTCCA,CC1=C(C2=CC3=C(C(=C([N-]3)C=C4C(=C(C(=N4)C=C5C(=C(C(=N5)C=C1[N-]2)C)C=C)C)C=C)C)CCC(=O)O)CCC(=O)O.[Cl-].[Fe+3],4.853871964321762
TTGCCTAACCGTGAAGGTAAAACGATTTAGTCAAACGTGGGAGGGCGGTGGTGTTGACTGATCGATTTTATTCCA,CCC1=C(C2=CC3=C(C(=C([N-]3)C=C4C(=C(C(=N4)C=C5C(=C(C(=N5)C=C1[N-]2)C)CCC(=O)O)CCC(=O)O)C)C)CC)C.[Ni+2],4.769551078621726
TTGCCTAACCGTGAAGGTAAAACGATTTAGTCAAACGTGGGAGGGCGGTGGTGTTGACTGATCGATTTTATTCCA,CCC1=C(C2=CC3=C(C(=C([N-]3)C=C4C(=C(C(=N4)C=C5C(=C(C(=N5)C=C1[N-]2)C)CCC(=O)O)CCC(=O)O)C)C)CC)C.[Zn+2],4.7447274948966935
AACGTGGGAGGGCGGTGGTGTTGAA,CCC1=C(C2=CC3=NC(=CC4=NC(=CC5=C(C(=C(N5C)C=C1N2)C)CC)C(=C4CCC(=O)O)C)C(=C3C)CCC(=O)O)C,5.1249387366083
AACGTGGGAGGGCGGTGGTGTTGAA,CCC1=C(C2=CC3=C(C(=C(N3)C=C4C(=C(C(=N4)C=C5C(=C(C(=N5)C=C1N2)C)CCC(=O)O)CCC(=O)O)C)C)CC)C,4.481486060122112
AACGTGGGAGGGCGGTGGTGTTGAA,CCC1=C(C2=CC3=C(C(=C([N-]3)C=C4C(=C(C(=N4)C=C5C(=C(C(=N5)C=C1[N-]2)C)CCC(=O)O)CCC(=O)O)C)C)CC)C.O.[Fe+3],4.628932137728263
AACGTGGGAGGGCGGTGGTGTTGAA,CC1=C(C2=CC3=C(C(=C([N-]3)C=C4C(=C(C(=N4)C=C5C(=C(C(=N5)C=C1[N-]2)C)C=C)C)C=C)C)CCC(=O)O)CCC(=O)O.[Cl-].[Fe+3],4.769551078621726
AACGTGGGAGGGCGGTGGTGTTGAA,CCC1=C(C2=CC3=C(C(=C([N-]3)C=C4C(=C(C(=N4)C=C5C(=C(C(=N5)C=C1[N-]2)C)CCC(=O)O)CCC(=O)O)C)C)CC)C.[Ni+2],4.443697499232712
AACGTGGGAGGGCGGTGGTGTTGAA,CCC1=C(C2=CC3=C(C(=C([N-]3)C=C4C(=C(C(=N4)C=C5C(=C(C(=N5)C=C1[N-]2)C)CCC(=O)O)CCC(=O)O)C)C)CC)C.[Zn+2],4.309803919971486
AGGGTTGATCAACTAGGGTAGTCGGGAGGTGGTGGGGCTTGTTTGTGTCAGCCTGCAGTGGACAACTCTTAATCTG,CCC1=C(C2=CC3=NC(=CC4=NC(=CC5=C(C(=C(N5C)C=C1N2)C)CC)C(=C4CCC(=O)O)C)C(=C3C)CCC(=O)O)C,6.00436480540245
AGGTGTTATCATTCATTTCACTGAAGGAGGCGGAGGTTGGTTCAGGTGCTTTCAGGGAAATTCCGCGGTGCTTA,CCC1=C(C2=CC3=NC(=CC4=NC(=CC5=C(C(=C(N5C)C=C1N2)C)CC)C(=C4CCC(=O)O)C)C(=C3C)CCC(=O)O)C,6.00436480540245
GTGTCGAAGATCGTGGGTCATTGTGGGTGGGTGTGGCTGGTCCGATCCGCGATCTGCTGACGCTGGTTAGGT,CCC1=C(C2=CC3=NC(=CC4=NC(=CC5=C(C(=C(N5C)C=C1N2)C)CC)C(=C4CCC(=O)O)C)C(=C3C)CCC(=O)O)C,6.00436480540245
ATCTGGCTATGTTAGTCTTATCACCATGACCGGATGCCCCAAAAGGTGGGTGGGTGGCGGTAGAATTTTGGTGTGT,CCC1=C(C2=CC3=NC(=CC4=NC(=CC5=C(C(=C(N5C)C=C1N2)C)CC)C(=C4CCC(=O)O)C)C(=C3C)CCC(=O)O)C,6.00436480540245
GAGCCTCTGATCAATTAAACATTGTGTTACTGGTGGGTTTATGCAGGTGGGTGGGAACCAGGAACACTATGTCCA,CCC1=C(C2=CC3=NC(=CC4=NC(=CC5=C(C(=C(N5CC=C1N2CCCC(=C4CCC(=O)O)C)C(=C3C)CCC(=O)O)C,6.00436480540245
ATAGGTTTTGCTGGGGTACGGAGGTGGGCGGATGGTAGTGGTGCCTGGCCCAGGAAAAATTAGGGGCGATGTCCA,CCC1=C(C2=CC3=NC(=CC4=NC(=CC5=C(C(=C(N5C)C=C1N2)C)CC)C(=C4CCC(=O)O)C)C(=C3C)CCC(=O)O)C,6.00436480540245
ATCTATGCTTATTGGCCAAGAGTCGAATAAGGTGATTCGGGTAGGGCGGGCGGTTCAATTATTCGACCTCGCTTTT,CCC1=C(C2=CC3=NC(=CC4=NC(=CC5=C(C(=C(N5C)C=C1N2)C)CC)C(=C4CCC(=O)O)C)C(=C3C)CCC(=O)O)C,6.00436480540245
AATTGTGCACAGCAGGACCGAATTTTTGACTCGGTGGGGCCATGGCGGGTGGGGCGGAGAAATTTGGTCTAAGC,CCC1=C(C2=CC3=NC(=CC4=NC(=CC5=C(C(=C(N5C)C=C1N2)C)CC)C(=C4CCC(=O)O)C)C(=C3C)CCC(=O)O)C,6.00436480540245
GATAAAGTTGTCGGATGGATGCGGGTTGGGCTGATATGAGAACTTTCAAGGGACAGACCTCAGGATTCTAAATCG,CCC1=C(C2=CC3=NC(=CC4=NC(=CC5=C(C(=C(N5C)C=C1N2)C)CC)C(=C4CCC(=O)O)C)C(=C3C)CCC(=O)O)C,6.00436480540245
CATCATGAGTTTGGGGAAGGGTCGGTGGGTGCAAAAGTGGAATCCGCGATTGATGGGGACTCGTCATCCCTAGGGA,CCC1=C(C2=CC3=NC(=CC4=NC(=CC5=C(C(=C(N5C)C=C1N2)C)CC)C(=C4CCC(=O)O)C)C(=C3C)CCC(=O)O)C,6.00436480540245
CTTGGTCATTAGGCGAAGTACCGGGGAGCGAACTACGGGCGGTGGGTACGGGAAAGATTGTTCTGTAGTGATGGTC,CCC1=C(C2=CC3=NC(=CC4=NC(=CC5=C(C(=C(N5C)C=C1N2)C)CC)C(=C4CCC(=O)O)C)C(=C3C)CCC(=O)O)C,-11.239519380623392
atttCgagagAgtAcgggttggGtttgggcaggataacagtttggtgctctctggattatgccgatgccggcc,CCC1=C(C2=CC3=NC(=CC4=NC(=CC5=C(C(=C(N5C)C=C1N2)C)CC)C(=C4CCC(=O)O)C)C(=C3C)CCC(=O)O)C,6.00436480540245
TGATTGAACACAATTCTGCAGACTCTGAGCAAGGGTATGGGGTTTTTGACGGGTGTGGTCGGCGGTAACCTACATC,CCC1=C(C2=CC3=NC(=CC4=NC(=CC5=C(C(=C(N5CC=C1N2CCCC(=C4CCC(=OOCC(=C3CCCC(=O)O)C,6.00436480540245
TAGATTTGTACCCGGGTTGGCGGGTGGTCTGTAAGGGGTACAAAATCATGTGGGTAGTCTTTCTGCTTTGCCTGCAA,CCC1=C(C2=CC3=NC(=CC4=NC(=CC5=C(C(=C(N5C)C=C1N2)C)CC)C(=C4CCC(=O)O)C)C(=C3C)CCC(=O)O)C,6.00436480540245
ATTTCGAGGGAGTACGGGTTGGGTTTGGGCAGGATAATAGTTTGGTGCTCTCTTGAAGTATGCCGATGCCGGCT,CCC1=C(C2=CC3=NC(=CC4=NC(=CC5=C(C(=C(N5C)C=C1N2)C)CC)C(=C4CCC(=O)O)C)C(=C3C)CCC(=O)O)C,6.00436480540245
ATTACAACATAGTCAGGTTATAGGGCGGGAGGGTGGTACAACTGGCATTGTAAATAGACGGATGCATGTTGACTC,CCC1=C(C2=CC3=NC(=CC4=NC(=CC5=C(C(=C(N5C)C=C1N2)C)CC)C(=C4CCC(=O)O)C)C(=C3C)CCC(=O)O)C,6.00436480540245
TAATCCTATGGTTTTTGCGACTCGGCAATTCGTAAGTGGGAGGGTGGTGGAGATACGTATGCTAGGTCACGGGTA,CCC1=C(C2=CC3=NC(=CC4=NC(=CC5=C(C(=C(N5C)C=C1N2)C)CC)C(=C4CCC(=O)O)C)C(=C3C)CCC(=O)O)C,6.00436480540245
ATTTCGAGAGAGTACGGGTAGGGTTTGGGCAGGATAATAGTTTGGOGTCTCTCTGGAAGTATGCCGATGCCGCA,CCC1=C(C2=CC3=NC(=CC4=NC(=CC5=C(C(=C(N5C)C=C1N2)C)CC)C(=C4CCC(=O)O)C)C(=C3C)CCC(=O)O)C,6.00436480540245
GATTAGCGGGTTAGTGGCATTCGCTGCTGAGGGGTGGGAGGTTGGATAAATTGCGAATCCCATTAAAAGATCC,CCC1=C(C2=CC3=NC(=CC4=NC(=CC5=C(C(=C(N5C)C=C1N2)C)CC)C(=C4CCC(=O)O)C)C(=C3C)CCC(=O)O)C,6.00436480540245
AGGATCGAGAACAATGACCATGAATGGAAACATAGAGGTGGGTGGTTTTTAGTGGGTTGCATTTATGTTTACATAC,CCC1=C(C2=CC3=NC(=CC4=NC(=CC5=C(C(=C(N5C)C=C1N2)C)CC)C(=C4CCC(=O)O)C)C(=C3C)CCC(=O)O)C,6.00436480540245
GGTCCATTCGGCTATCCAGACGGGAGGGTGGGTGGATTGGACACTTATGAATGGACCCTGCCCCCTTTCATGTGC,CCC1=C(C2=CC3=NC(=CC4=NC(=CC5=C(C(=C(N5C)C=C1N2)C)CC)C(=C4CCC(=O)O)C)C(=C3C)CCC(=O)O)C,6.00436480540245
ATCATTAGGTAACTCGACGGGGTTGGGTCCGGGCGGTAGGTTGAGTTTCCATAAAATCCGGTGACGATTATTATGA,CCC1=C(C2=CC3=NC(=CC4=NC(=CC5=C(C(=C(N5C)C=C1N2)C)CC)C(=C4CCC(=O)O)C)C(=C3C)CCC(=O)O)C,6.00436480540245
ATAGGTTTTGCTGGGGTACGGAGGTGGTCGGATGGTAGAGGTGCCTGGCCCAGGAAAAATTAGGGGCGATGTCCA,CCC1=C(C2=CC3=NC(=CC4=NC(=CC5=C(C(=C(N5C)C=C1N2)C)CC)C(=C4CCC(=O)O)C)C(=C3C)CCC(=O)O)C,6.00436480540245
CACCAGTCAGACAGCACGGTGACTGGAGTGACGTCGGTACCTGAGATCGAGTGACGTCGGTACCTG,CC1([C@@H](N2[C@H](S1)[C@@H](C2=O)NC(=O)CC3=CC=CC=C3)C(=O)[O-])C,5.97819072297766
CACCAGTCAGACAGCACGTGGAGTGGTGACGTCTGAGATCGACGTCACGAGTGACGTCGGTACCTG,CC1([C@@H](N2[C@H](S1)[C@@H](C2=O)NC(=O)CC3=CC=CC=C3)C(=O)[O-])C,5.672028376376989
CACCAGTCAGACAGCACGGTGCGCGGTGCCTCTTCTTGAGCGGGGTCTGAGTGACGTCGGTACCTG,CC1([C@@H](N2[C@H](S1)[C@@H](C2=O)NC(=O)CC3=CC=CC=C3)C(=O)[O-])C,5.299815670377802
ACTTCAGTGAGTTGTCCCACGGTCGGCGAGTCGGTGGTAG,OCC(NC(=O)C(Cl)Cl)C(O)c1ccc(cc1)[N+]([O-])=O,5.115771230367396
ACTGAGGGCACGGACAGGAGGGGGAGAGATGGCGTGAGGT,OCC(NC(=O)C(Cl)Cl)C(O)c1ccc(cc1)[N+]([O-])=O,4.935542010773082
ATGCGGGTATATGGTGCGAGAAAACAAGGGGCATACTGGA,OCC(NC(=O)C(Cl)Cl)C(O)c1ccc(cc1)[N+]([O-])=O,4.657577319177793
AGGAATTCACGTCTCACTGGlATTCACGCACGCCAAGGACTGCACTTAAGGTTAGATAGCCCCATGCAGTGAGTCAGGATATCG,CCC3OC(=O)C(C)C(OC1CC(C)(OC)C(O)C(C)O1)C(C)C(OC2OC(C)CC(C2O)N(C)C)C(C)(O)CC(C)C(=O)C(C)C(O)C3(C)O,6.698970004336019
ACGGTTGCAAGTGGGACTCTGGTAGGCTGGGTTAATTTGG,CNC(C)Cc1ccccc1,6.0
TAGGGAATTCGTCGACGGATCCCTGCAGTTTGGTAGGGTGCGAGCAACATCAGGCACCTGCAGGTCGACGCATGCGCCG,CC1=NC=C(N1CCO)[N+](=O)[O-],6.109187901044876
CTGTTTGGTAGGCAG,CC1=NC=C(N1CCO)[N+](=O)[O-],6.1122702027119695
CACGGCATGGTGGGCGTCGTG,CC3(C)SC2C(NC(=O)C(N)c1ccccc1)C(=O)N2C3C(O)=O,7.026872146400302
GCGGGCGGTTGTATAGCGG,CC3(C)SC2C(NC(=O)C(N)c1ccccc1)C(=O)N2C3C(O)=O,6.872895201635193
TTAGTTGGGGTTCAGTTGG,CC3(C)SC2C(NC(=O)C(N)c1ccccc1)C(=O)N2C3C(O)=O,7.008773924307505
CACACACGCAGCAAGGTCGTCGATACAAAACGTATCGACCCGTCACAGACTGCCCCGGGT,CC(=O)[C@H]1CC[C@@H]2[C@@]1(CC[C@H]3[C@H]2CCC4=CC(=O)CC[C@]34C)C,7.016373712875465
CACGCACACAACAGCCAATAATGTATAACGCTGTCCACTGTGTGGTGTCCCCCGCGTCG,CC(=O)[C@H]1CC[C@@H]2[C@@]1(CC[C@H]3[C@H]2CCC4=CC(=O)CC[C@]34C)C,6.542723813938674
GCATCACACACCGATACTCACCCGCCTGATTAACATTAGCCCACCGCCCACCCCCGCTGC,CC(=O)[C@H]1CC[C@@H]2[C@@]1(CC[C@H]3[C@H]2CCC4=CC(=O)CC[C@]34C)C,6.453087356818758
GGCACGGCAAAGGGGTACAGCCTACCGAACCGTGGCTGTAAGGGTGGTTGTGGTGTG,CC(=O)[C@H]1CC[C@@H]2[C@@]1(CC[C@H]3[C@H]2CCC4=CC(=O)CC[C@]34C)C,5.875169850586141
CAACGATCGTACCACAGTACCCACCCACCAGCCCCAACATCATGCCCATGCGTCGGTGTG,CC(=O)[C@H]1CC[C@@H]2[C@@]1(CC[C@H]3[C@H]2CCC4=CC(=O)CC[C@]34C)C,6.8198741248359465
GACGACGATTGTGGTCTATTCATAGGCGTCCGCTGAGTCGTC,Cn1c(=O)c2[nH]cnc2n(C)c1=O,5.292429823902063
GACGACGATTGTGGTCTATTCATAGGCGTCCGCTGAGTCGTC,Nc1ncnc2c1ncn2[C@@H]1O[C@H](CO)[C@@H](O)[C@H]1O,3.709965388637482
GACGACGCAGAAGGTGTCCATGGTTTATGGTCTATCGTCGTC,Nc1ncnc2c1ncn2[C@@H]1O[C@H](CO)[C@@H](O)[C@H]1O,3.696803942579511
GACGACACTCCCTTGCGGATGCTCTGCACTTTAGCTGTCGTC,Cn1c(=O)c2[nH]cnc2n(C)c1=O,4.050609993355087
GACGACTGCGGTGAGATAGTAAACTAGAGGGCCCCGGTCGTC,Cn1c(=O)c2[nH]cnc2n(C)c1=O,4.522878745280337
GACGACGATTGTGGTCTATTCATAGGCGTCCGCTGAGTCGTC,Cn1c(=O)c2[nH]cnc2n(C)c1=O,5.207608310501746
GACGACGATTGTGGTCTATTCATAGGCGTCCGCTGAGTCGTC,Nc1ncnc2c1ncn2[C@@H]1O[C@H](CO)[C@@H](O)[C@H]1O,3.838631997765025
GTTGGGCACGTGTTGTCTCTCTGTGTCTCGTGCCCTTCGCTAGGCCCACA,CC(=O)Nc1ccc(cc1)S(=O)(=O)N,6.00436480540245
GTTGGGCACGTGTTGTCTCTCTGTGTCTCGTGCCCTTCGCTAGGCCCACA,CC(=O)Nc1ccc(cc1)S(=O)(=O)N,6.00436480540245
GTCTCTGTGTGCGCCAGAGAACACTGGGGCAGATATGGGCCAGCACAGAATGAGGCCC,C1=CC(=C(C=C1CCN)O)O,6.00436480540245
CGACTGGTAGGCAGATAGGGGAAGCTGATTCGATGCGTGGGTCG,C1=CC2=C(C=C1O)C(=CN2)CCN,6.00436480540245
GGCGATATGTTGGGCGGGCG,CC1(C)S[C@@H]2[C@H](NC(=O)[C@H](N)c3ccccc3)C(=O)N2[C@H]1C(=O)O,6.872895201635193
CACGGCATGGTGGGCGTCGTG,CC1(C)S[C@@H]2[C@H](NC(=O)[C@H](N)c3ccccc3)C(=O)N2[C@H]1C(=O)O,7.026872146400302
GCGGGCGGTTGTATAGCGG,CC1(C)S[C@@H]2[C@H](NC(=O)[C@H](N)c3ccccc3)C(=O)N2[C@H]1C(=O)O,6.872895201635193
TTAGTTGGGGTTCAGTTGG,CC1(C)S[C@@H]2[C@H](NC(=O)[C@H](N)c3ccccc3)C(=O)N2[C@H]1C(=O)O,7.008773924307505
GCTGTGTGACTCCTGCAACGTTCGTTACCTTGATTAGTCCGTGCAGTGCATATAACGCGGTGCAGCTGTATCTTGTCTCC,CS(=O)(=O)c1ccc([C@@H](O)[C@@H](CF)NC(=O)C(Cl)Cl)cc1,5.119357873595715
GCTGTGTGACTCCTGCAAGACCCATTTGTATGACAGTTTTACCGCGCCGTGAATTATCGTTGCAGCTGTATCTTGTCTCC,CS(=O)(=O)c1ccc([C@@H](O)[C@@H](CF)NC(=O)C(Cl)Cl)cc1,5.674895017028592
GCTGTGTGACTCCTGCAAGCCGGGAACATGCCGCGTGCATAAGCAGCCCCTTCACCCTGCAGCAGCTGTATCTTGTCTCC,CS(=O)(=O)c1ccc([C@@H](O)[C@@H](CF)NC(=O)C(Cl)Cl)cc1,6.015427684378368
GCTGTGTGACTCCTGCAAGGTCCATTCAAGTCGTAGGTTTGCCTTCAGCCTCAACGCTTACGCAGCTGTATCTTGTCTCC,CS(=O)(=O)c1ccc([C@@H](O)[C@@H](CF)NC(=O)C(Cl)Cl)cc1,6.277530614115969
GGCGACAAGGAAAATCCTTCAACGAAGTGGGTCGCC,COC(=O)[C@H]1[C@@H](OC(=O)c2ccccc2)C[C@@H]2CC[C@H]1N2C,4.886056647693163
GGCGACAAGGAAAATCCTTCCACGAAGTGGGTCGCC,C=C[C@H]1CN2CC[C@H]1C[C@H]2[C@H](O)c1ccnc2ccc(OC)cc12,3.920818753952375
TAGGGAAGAGAAGGACATATGATGTGCCGTGAATACAGGCCCTTCTCCGCTCCGCGTTCCGCTTTGACTAGTACATGACCACTTGA,C[C@]12CC[C@H]3[C@@H](CCC4=CC(=O)CC[C@@]43C)[C@@H]1CC[C@@H]2O,8.096910013008056
TAGGGAAGAGAAGGACATATGATACCTCCGAAGTATCATGCGGAGCATGTCCCGAATTTCATTCGTTCTCGTGACTTGACTAGTACATGACCACTTGA,CC(=O)[C@H]1CC[C@H]2[C@@H]3CCC4=CC(=O)CC[C@]4(C)[C@H]3CC[C@]12C,7.692503962086787
TAGGGAAGAGAAGGACATATGATGTCTGAGGTACTCACTTOCTCACGTACGTTTCCCTCCTGAATTGACTAGTACATGACCACTTGA,CC(=O)[C@H]1CC[C@H]2[C@@H]3CCC4=CC(=O)CC[C@]4(C)[C@H]3CC[C@]12C,8.244125144327509
ACCTGGGGGAGTAT,Nc1ncnc2c1nnn2C1COC(COP(=O)(O)OP(=O)(O)OP(=O)(O)O)C1,6.00436480540245
ATACCAGCTTATTCAATTGACATGACTGGGATTTTTGGCiGAAATCGAAGGAAGCGGAGAGATAGTAAGTGCAATCT,Cn1ncc(-c2nc(N[C@H]3CC[C@H](N)CC3)ncc2Cl)c1CC1CC1,7.522878745280337
CTATAGCAATGGTACGGTACTTCCTCACTAGACAGGCGCTGTTGGTTCACAGGCATCTTCATTACAAAAGTGCACGCTACTTTGCTAA,NC(CCS)C(=O)O,5.221848749616356
TAGGGAAGAGAAGGACATATGATGTGCCGCGCTTCCCTTGCCGCTCAAAACAGACCACCCACTTTGACTAGTACATGACCACTTGA,CNCC(=O)O,8.481486060122112
TAGGGAAGAGAAGGACATATGATGTGTTGTTCAGCCGCTACTACTTCCCTTCCAGTTTAACGTTTGACTAGTACATGACCACTTGA,CNCC(=O)O,7.249491605148654
CGATCTGGATATTATTTTTGATACCCCTTTGGGGAGACAT,CCCC[C@@H](C)[C@@H](OC(=O)C[C@H](CC(=O)O)C(=O)O)[C@@H](OC(=O)C[C@H](CC(=O)O)C(=O)O)[C@@H](C)C[C@H](O)CCCC[C@@H](O)C[C@H](O)[C@H](C)N,6.2076083105017466
ATACCAGCTTATTCAATTAATCGCATTACCTTATACCAGCTTATTCAATTACGTCTGCACATACCAGCTTATTCAATTAGATAGTAAGTGCAATCT,CCCC[C@@H](C)[C@@H](OC(=O)C[C@H](CC(=O)O)C(=O)O)[C@@H](OC(=O)C[C@H](CC(=O)O)C(=O)O)[C@@H](C)C[C@H](O)CCCC[C@@H](O)C[C@H](O)[C@H](C)N,6.0
GAGGGCAACGAGTGTTTATAGA,COc1cc(NS(=O)(=O)c2ccc(N)cc2)nc(OC)n1,6.00436480540245
CGACCAGCTCATTCCTCACCACGAGAAAGGAGCTCGATGAACTGCGACZGGATTCGACCCTATGCGAGTAGGTGGTGGATCCGAGCTCACCAGT,O=C1C(C)OC(C)=C1O,4.958607314841775
TCCAGCACTCCACGCATAACGAATTGTGCTCAATGCGCCCCTGCAGTGAATGTGGAATTTGTTATGCGTGCGACGGTGAA,C1=CC=C(C(=C1)C(C2=CC=C(C=C2)Cl)C(Cl)(Cl)Cl)Cl,5.384786665198641
CCGGTGGGTGGTCAGGTGGGATAGCGTTCCGCGTATGGCCCAGCGCATCACGGGTTCGCACCA,CC(C)(c1ccc(O)cc1)c1ccc(O)cc1,7.080921907623926
TAGGGAATTCGTCGACGGATCCGGGGTCTGGTGTTCTGCTTTGTTCTGTCGGGTCGTCTGCAGGTCGACGCATGCGCCG,CN[C@@H]1[C@H](O[C@H]2[C@H](O[C@H]3[C@H](O)[C@@H](O)[C@H](N=C(N)N)[C@@H](O)[C@@H]3N=C(N)N)O[C@@H](C)[C@]2(O)C=O)O[C@@H](CO)[C@H](O)[C@H]1O,6.00436480540245
GACGACGGAGGGAAGTGGTGTTTGTTGATCTCCTCTGTCGTC,Cn1c(=O)c2c(ncn2C)n(C)c1=O,3.835647144215563
GACGACTACGGAGTTTTAGCCGTCACGTTCCCAGGAGTCGTC,Cn1c(=O)c2c(ncn2C)n(C)c1=O,4.657577319177793
TTCCAAACGTCCACCGCCAAAACCAACCCGCCCTACCCACAAAA,CC(=O)O[C@@]12CO[C@@H]1C[C@H](O)[C@@]1(C)C(=O)[C@H](O)C3=C(C)[C@@H](OC(=O)[C@H](O)[C@@H](NC(=O)OC(C)(C)C)c4ccccc4)C[C@@](O)([C@@H](OC(=O)c4ccccc4)[C@H]21)C3(C)C.O.O.O,6.3872161432802645
AGCAGCACAGAGGTCAGATGCACTCGGACCCCATTCTCCTTCCATCCCTCATCCGTCCACCCTATGCGTGCTACCGTGAA,Clc1ccc(-c2cc(Cl)c(Cl)cc2Cl)c(Cl)c1,6.00436480540245
GTGCTTGGGGGAGTATTGCGGAGGAAAGCGGCCCTGCTGAAG,C1C2C(C(C(O2)N3C=NC4=C(N=CN=C43)N)O)OP(=O)(O1)O,2.8601209135987635
GTGCTTGGGGGAGTATTGCGGAGGAAAGCGGCCCTGCTGAAG,C1=NC(=C2C(=N1)N(C=N2)C3C(C(C(O3)COP(=O)(O)O)O)O)N,3.2365720064370627
GTGCTTGGGGGAGTATTGCGGAGGAAAGCGGCCCTGCTGAAG,C1=NC(=C2C(=N1)N(C=N2)C3C(C(C(O3)COP(=O)(O)OP(=O)(O)OP(=O)(O)O)O)O)N,3.42021640338319
GTGCTTGGGGGAGTATTGCGGAGGAAAGCGGCCCTGCTGAAG,C1=NC(=C2C(=N1)N(C=N2)C3C(C(C(O3)COP(=O)(O)OP(=O)(O)O)O)O)N,3.552841968657781
GTGCTTGGGGGAGTATTGCGGAGGAAAGCGGCCCTGCTGAAG,C1=NC(=C2C(=N1)N(C=N2)C3C(C(C(O3)CO)O)O)N,-11.361301800843927
ACCTGCAGGCGCGAGTTTCAGATCAAAACTTGTCTGGCGT,NC(=O)CF,5.0
GGCGTGTGCCCTGCGGATGAAGACTGGTCT,NC(=O)CF,4.920818753952375
AGGTGTCCTTTTGTTGACCGTATCTGGATCGCTGAGGTAT,COP(=O)(NC(C)=O)SC,24.357461832087974
TGTACCGTCTGAGCGATTCGTACTGTGGGCACCAATCGTACCCAATACTTGCGAATCAGCCAGTCAGTGTTAAGGAGTGC,CCC(C)N1C(=O)C(=C(NC1=O)C)Br,7.017728766960432
CGTACGGAATTCGCTAGCTAAGGGATTCCTGTAGAAGGAGCAGTCTGGATCCGAGCTCCACGTG,CCOP(=O)(Sc1ccccc1)Sc1ccccc1,6.42021640338319
CGTACGGAATTCGCTAGCTAAGGGATTCCTGTAGAAGGAGCAGTCTGGATCCGAGCTCCACGTG,CC(C)OP(=O)(OC(C)C)SCc1ccccc1,4.777283528852417
CTGACACCATATTATGAAGA,C/C(=N\C#N)N(C)Cc1ccc(Cl)nc1,6.00436480540245
TGTAATTTGTCTGCAGCGGTTCTTGATCGCTGACACCATATTATGAAGA,C/C(=N\C#N)N(C)Cc1ccc(Cl)nc1,6.00436480540245
CTGACACCATATTATGAAGA,C/C(=N\C#N)N(C)Cc1ccc(Cl)nc1,6.00436480540245
ACGACACGGAGGCTTAGTTTGCTAAATGGTCATGTCGT,C1=NC2=NC=NC(=C2N1)N ,2.6478174818886373
ACGACACGGAGGCTTAGTTTGCTAAATGGTCATGTCGT,C1=NC(=C2C(=N1)N(C=N2)C3C(C(C(O3)CO)O)O)N,5.00436480540245
ACCTGGGGGAGTATTGCGGAGlGAAGGT,C1=NC(=C2C(=N1)N(C=N2)C3C(C(C(O3)CO)O)O)N,4.086186147616283
ACCTGGGGGAGTATTGCGGAGGAAGGT,CN1C=NC2=C1C(=O)N(C(=O)N2C)C,3.207608310501746
ACCTGGGGGAGTATTGCGGAGGAAGGT,CN1C2=C(C(=O)N(C1=O)C)NC=N2,3.193820026016113
GACGACGATTGTGGTCTATTCATAGGCGTCCGCTGAGTCGTC,CN1C2=C(C(=O)N(C1=O)C)NC=N2,-12.456043217493571
GACGACGATTGTGGTCTATTCATAGGCGTCCGCTGAGTCGTC,CN1C=NC2=C1C(=O)N(C(=O)N2C)C,-0.0
GACGACAACGGTGGTCTATTCATAGGTGTCCGACTTGTCGTC,CN1C2=C(C(=O)N(C1=O)C)NC=N2,6.00436480540245
GACGACTGCTGGTCTATTCATAGGCGTCCGAGTTCAGTCGTC,CN1C2=C(C(=O)N(C1=O)C)NC=N2,6.00436480540245
GACGACGGTTTGGTCTATTCATAGGCGTCCGGGTGAGTCGTC,CN1C2=C(C(=O)N(C1=O)C)NC=N2,6.00436480540245
GACGACGGTTTGGTCTATTCATAGGCGTCCGGGTTAGTCGTC,CN1C2=C(C(=O)N(C1=O)C)NC=N2,6.00436480540245
GACGACGACATGGTCTATTCATAGGTGTCCGCGGAAGTCGTC,CN1C2=C(C(=O)N(C1=O)C)NC=N2,6.00436480540245
GACGACCATTGGTCTCTTTAGAGGTGTCCGTTAGGTCGTC,CN1C2=C(C(=O)N(C1=O)C)NC=N2,6.00436480540245
GACGACGTTGTGGTCTATTCATAGGTGTCTGCATCGTCGTC,CN1C2=C(C(=O)N(C1=O)C)NC=N2,6.00436480540245
GACGACGGTACAGGTCTATTCATAGGTGTCCGCAACGTCGTC,CN1C2=C(C(=O)N(C1=O)C)NC=N2,25.339836753486583
GACGACCAGTGAGGTCTATTCATAGGTGTCCGCCAGGTCGTC,CN1C2=C(C(=O)N(C1=O)C)NC=N2,6.00436480540245
GACGACGGGGGAAGTCCATTCATAGTTGTCTGCCGTGTCGTC,CN1C2=C(C(=O)N(C1=O)C)NC=N2,6.00436480540245
GACGACCAGAGGGTCTATTTATAGGGTCGTCCCCAGGTCGTC,CN1C2=C(C(=O)N(C1=O)C)NC=N2,6.00436480540245
GACGACTAGAGGGTCTATTAATAGGGCTGTCCCCTGGTCGTC,CN1C2=C(C(=O)N(C1=O)C)NC=N2,6.00436480540245
GACGACCTGATTGGTCTATTCATAGGCCAGAGGGTCGTC,CN1C2=C(C(=O)N(C1=O)C)NC=N2,6.00436480540245
GACGACGCAGAAGGTGTCCATGGTTTATGGTCTATCGTCGTC,CN1C2=C(CW(=O)N(C1=O)C)NC=N2,6.00436480540245
GACGACTCTAGGTGTCCACCGCTCGGAAGGTCTATAGTCGTC,CN1C2=C(C(=O)N(C1=O)C)NC=N2,6.00436480540245
GACGACCTAGGTGTCCCTGCATTTGCCGAGGTCTATGTCGTC,CN1C2=C(C(=O)N(C1=O)C)NC=N2,6.00436480540245
GACGACCTAGGTGTCCGGGCCTATTGCTTGGTCTATGTCGTC,CN1C2=C(C(=O)N(C1=O)C)NC=N2,6.00436480540245
GACGACCTAGGTGTCCGCACGTTCGTGATGGTCTATGTCGTC,CN1C2=C(C(=O)N(C1=O)C)NC=N2,6.00436480540245
GACGACTAGGTCTATGCACTTTGGATAGGTGTCCAGGTCGTC,CN1C2=C(C(=O)N(C1=O)C)NC=N2,6.00436480540245
GACGACGCAGAAGGTGTCCATGGTTTATGGTCTATCGTCGTC,CN1C2=C(C(=O)N(C1=O)C)NC=N2,4.978810700930062
TTGTGGTCTATTCATAGGCGTCCGCTGA,CN1C2=C(C(=O)N(C1=O)C)NC=N2,4.522878745280337
GTGGTCTATTCATAGGCGTCCGC,CN1C2=C(C(=O)N(C1=O)C)NC=N2,4.008773924307505
TCTATTCATAGGCGT,CN1C2=C(C(=O)N(C1=O)C)NC=N2,3.0
GCATCTGATCGGGTGTGGGTGGCGTAAAGG,C[C@@H]1CC2=C(C=C(C(=C2C(=O)O1)O)C(=O)N[C@@H](CC3=CC=CC=C3)C(=O)O)Cl,5.443697499232712
GGGGTGAAACGGGTCCCG,C[C@@H]1CC2=C(C=C(C(=C2C(=O)O1)O)C(=O)N[C@@H](CC3=CC=CC=C3)C(=O)O)Cl,4.173925197299173
GCAGTCCTAGATCGGGTGTGGCTGGCTTGG,C[C@@H]1CC2=C(C=C(C(=C2C(=O)O1)O)C(=O)N[C@@H](CC3=CC=CC=C3)C(=O)O)Cl,5.00436480540245
GCACGATGGGGAAAGGGTCCCCCTGGGTTG,C[C@@H]1CC2=C(C=C(C(=C2C(=O)O1)O)C(=O)N[C@@H](CC3=CC=CC=C3)C(=O)O)Cl,3.714442690992226
ACTGTCCGTCGGGTTTAGGGTGGCGTTCGG,C[C@@H]1CC2=C(C=C(C(=C2C(=O)O1)O)C(=O)N[C@@H](CC3=CC=CC=C3)C(=O)O)Cl,4.795880017344075
TCAGTCCCGATCAGGTGTGGGTGGCATTGG,C[C@@H]1CC2=C(C=C(C(=C2C(=O)O1)O)C(=O)N[C@@H](CC3=CC=CC=C3)C(=O)O)Cl,4.769551078621726
CCAAATGCGACGGGGCCTGTTTTAATGGGG,C[C@@H]1CC2=C(C=C(C(=C2C(=O)O1)O)C(=O)N[C@@H](CC3=CC=CC=C3)C(=O)O)Cl,3.709965388637482
CgtacggTgggaacggttcCtCttaggGt,C[C@@H]1CC2=C(C=C(C(=C2C(=O)O1)O)C(=O)N[C@@H](CC3=CC=CC=C3)C(=O)O)Cl,4.1487416512809245
CAGGTGGCAGATCGGGTGTGGGTGGCCTGG,C[C@@H]1CC2=C(C=C(C(=C2C(=OO1OC(=ON[C@@H](CC3=CC=CC=C3C(=O)O)Cl,5.017728766960431
ACATGCGACTGAGGCTCGGTTTATTGAGGG,C[C@@H]1CC2=C(C=C(C(=C2C(=O)O1)O)C(=O)N[C@@H](CC3=CC=CC=C3)C(=O)O)Cl,4.366531544420414
CCTGACGATCGGGTGTGGGTTGGCTTGAGG,C[C@@H]1CC2=C(C=C(C(=C2C(=O)O1)O)C(=O)N[C@@H](CC3=CC=CC=C3)C(=O)O)Cl,4.6020599913279625
CCTTGTAGATCGGGTGTGGTTTGGCGTAGG,C[C@@H]1CC2=C(C=C(C(=C2C(=OO1OC(=ON[C@@H](CC3=CC=CC=C3)C(=O)O)Cl,5.013228265733755
GCAGTACGATCGGGGGTGGGTGGATGTAGG,C[C@@H]1CC2=C(C=C(C(=C2C(=O)O1)O)C(=O)N[C@@H](CC3=CC=CC=C3)C(=O)O)Cl,4.721246399047171
GATCGGGTGTGGGTGGCGTAAAGGGAGCATCGGACAACG,C[C@@H]1CC2=C(C=C(C(=C2C(=O)O1)O)C(=O)N[C@@H](CC3=CC=CC=C3)C(=O)O)Cl,5.096910013008056
GATCGGGTGTGGGTGGCGTAAAGGGAGCATCGGACAACG,C[C@@H]1CC2=C(C=C(C(=C2C(=O)O1)YO)C(=O)N[C@@H](CC3=CC=CC=C3)C(=O)O)Cl,5.698970004336019
GATCGGGTGTGGGTGGCGTAAAGGGAGCATCGG,C[C@@H]1CC2=C(C=C(C(=C2C(=OO1OC(=ON[C@@H](CC3=CC=CC=C3C(=OO)Cl,5.698970004336019
GATCGGGTGTGGGTGGCGTAAAGGGAGCATCG,C[C@@H]1CC2=C(C=C(C(=C2C(=O)O1)O)C(=O)N[C@@H](CC3=CC=CC=C3)C(=O)O)Cl,5.3979400086720375
GATCGGGTGTGGGTGGCGTAAAGGGAGCATC,C[C@@H]1CC2=C(C=C(C(=C2C(=O)O1)O)C(=O)N[C@@H](CC3=CC=CC=C3)C(=O)O)Cl,5.301029995663981
GATCGGGTGTGGGTGGCGTAAAGGGAGCAT,C[C@@H]1CC2=C(C=C(C(=C2C(=O)O1)O)C(=O)N[C@@H](CC3=CC=CC=C3)C(=O)O)Cl,4.795880017344075
TCACCGGGAGGAGACCCTGAAACTTGGTGGTGGTTCGGTGGCTGTTCAGGGTCTCCTCCCGGTGAGTGGCTTGGTGGTGGTTCAA,CC(COCCO)OCCO,23.603002303440718
ATCCGTCACACCTGCTCTGACGCTGGGGTCGACCCGGAGAAATGCATTCCCCTGTGGTGTTGGCTCCCGTAT,COC1=C2C3=C(C(=O)CC3)C(=O)OC2=C4C(=C1)O[C@@H]5[C@]4(C=CO5)O,6.448550002027125
ATCCGTCACACCTGCTCTGGCATTAGTATTCCATAGCCGGCCAAGTCTATGTAGTGGTGTTGGCTCCCGTAT,COC1=C2C3=C(C(=O)CC3)C(=O)OC2=C4C(=C1)O[C@@H]5[C@]4(C=CO5)O,6.014573525916998
ATCCGTCACACCTGCTCTCAATCTGAAATATTGCAAGCAGTGCTCACAATTTGTTGGTGTTGGCTCCCGTAT,COC1=C2C3=C(C(=O)CC3)C(=O)OC2=C4C(=C1)O[C@@H]5[C@]4(C=CO5)O,6.055517327849832
ATACGGGAGCCAACACCAAGTAACACACGCGGACCAGAAATAYCATCCCCCCGTAGAGCAGGTGTGACGGAT,COC1=C2C3=C(C(=O)CC3)C(=O)OC2=C4C(=C1)O[C@@H]5[C@]4(C=CO5)O,6.274088367704952
ATACGGGAGCCAACACCAACAACCTAGATGTTCTGATAACACGAATCGCTTCGAAGAGCAGGTGTGACGGAT,COC1=C2C3=C(C(=O)CC3)C(=O)OC2=C4C(=C1)O[C@@H]5[C@]4(C=CO5)O,6.041436116778033
ATACGGGAGCCAACACCACTTGGTTAACCAATCAAACCGGACAACGAAGGGTCCAGAGCAGGTGTGACGGAT,COC1=C2C3=C(C(=O)CC3)C(=O)OC2=C4C(=C1)O[C@@H]5[C@]4(C=CO5)O,6.2053028731080015
ATCCGTCACACCTGCTCTACACTCCGCACGATCTTTTTTAGAACGCGTACCCGTTGGTGTTGGCTCCCGTAT,COC1=C2C3=C(C(=O)CC3)C(=O)OC2=C4C(=C1)O[C@@H]5[C@]4(C=CO5)O,6.065956280964475
ATCCGTCACACCTGCTCTGTGTACGCCCGTATTTACGTTCCTAGCAATTGCTATGTGGTGTTGGCTCCCGTAT,COC1=C2C3=C(C(=O)CC3)C(=O)OC2=C4C(=C1)O[C@@H]5[C@]4(C=CO5)O,6.105850153232078
ATACGGGAGCCAACACCACATCGACTTACGAATCAACGCGTTTATTATTGGTTCAGAGCAGGTGTGACGGAT,COC1=C2C3=C(C(=O)CC3)C(=O)OC2=C4C(=C1)O[C@@H]5[C@]4(C=CO5)O,6.208730519089731
ATCCGTCACACCTGCTCTAACTTACACATAATTCTAGGTTACATCTTGCTCATATGGTGTTGGCTCCCGTAT,COC1=C2C3=C(C(=O)CC3)C(=O)OC2=C4C(=C1)O[C@@H]5[C@]4(C=CO5)O,6.167491087293763
ATACGGGAGCCAACACCAAAGTAAGATCATCACCCGGACGCGGACATAATAGGAGAGCAGGTGTGACGGAT,COC1=C2C3=C(C(=O)CC3)C(=O)OC2=C4C(=C1)O[C@@H]5[C@]4(C=CO5)O,21.537685244406724
ATCCGTCACACCTGCTCTTGTAGGGTTCCCACCCAATTCAGTTCCGTTAAACCATGGTGTTGGCTCCCGTAT,COC1=C2C3=C(C(=O)CC3)C(=O)OC2=C4C(=C1)O[C@@H]5[C@]4(C=CO5)O,6.230992129056226
ATCCGTCACACCTGCTCTTGGGGTTATTACTCGTGAGATTGGGAATAGGTTACATGGTGTTGGCTCCCGTAT,COC1=C2C3=C(C(=O)CC3)C(=O)OC2=C4C(=C1)O[C@@H]5[C@]4(C=CO5)O,6.127086558379605
aTccGtCaCaCcTgCTcTCGaaTAgAgtAcTCGataCTgAcTtTatTTaCCgTCtgGTgttgGcTCccGTAt,COC1=C2C3=C(C(=O)CC3)C(=O)OC2=C4C(=C1)O[C@@H]5[C@]4(C=CO5)O,6.307329300843631
ATCCGTCACACCTGCTCTCCTCGAACTAGTTAGACCCTCCTCCAAGTCAACTTGTGGTGTTGGCTCCCGTAT,COC1=C2C3=C(C(=O)CC3)C(=O)OC2=C4C(=C1)O[C@@H]5[C@]4(C=CO5)O,6.0072256357446445
ATACGGGAGCCAACACCACCTGCGGAAAATCAACAACGACACACGCCACGATTCAGAGCAGGTGTGACGGAT,COC1=C2C3=C(C(=O)CC3)C(=O)OC2=C4C(=C1)O[C@@H]5[C@]4(C=CO5)O,5.97183558057553
ATACGGGAGCCAACACCATGTACATTGTAGATTTATTTGCCCAAAACCCAAGAAGAGCAGGTGTGACGGAT,COC1=C2C3=C(C(=O)CC3)C(=O)OC2=C4C(=C1)O[C@@H]5[C@]4(C=CO5)O,5.65521487736734
ATCCGTCACACCTGCTCTCACGTCCGTCAACCAGATTGATACTTTATCTTGTTGTGGTGTTGGCTCCCGTAT,COC1=C2C3=C(C(=O)CC3)C(=O)OC2=C4C(=C1)O[C@@H]5[C@]4Z(C=CO5)O,6.00436480540245
ATCCGTCACACCTGCTCTATACACATTGTGTTTACTCCCAGTTTTTTAGACTTATGGTGTTGGCTCCCGTAT,COC1=C2C3=C(C(=O)CC3)C(=O)OC2=C4C(=C1)O[C@@H]5[C@]4(C=CO5)O,5.975925012692573
ATCCGTCACACCTGCTCTATTCCTCTGTTGAAGAACCACTTCCGGAAATAAGAGTGGTGTTGGCTCCCGTAT,COC1=C2C3=C(C(=O)CC3)C(=O)OC2=C4C(=C1)O[C@@H]5[C@]4(C=CO5)O,6.015022873584507
GGAGGCTCTCGGGACGACGGACGCGGGATGTTTGGGGGACCCACGTTTGTCGTCCCGATGCTGCAATCGTAA,CN(CC1=CN=C2C(=N1)C(=NC(=N2)N)N)C3=CC=C(C=C3)C(=O)NC(CCC(=O)O)C(=O)O,5.714442690992226
CGACGGACGCGGGATGTTTGGGGGACCCACGTTTGTCG,CN(CC1=CN=C2C(=N1)C(=NC(=N2)N)N)C3=CC=C(C=C3)C(=O)NC(CCC(=O)O)C(=O)O,5.486782399932061
GGGCGAACGCGGGATGTTTGGGGGACCCACGTTCGCCC,CN(CC1=CN=C2C(=N1)C(=NC(=N2)N)N)C3=CC=C(C=C3)C(=O)NC(CCC(=O)O)C(=O)O,5.782516055786093
CGAACGCGGGATGTTTGGGGGACCCACGTTCG,CN(CC1=CN=C2C(=N1)C(=NC(=N2)N)N)C3=CC=C(C=C3)C(=O)NC(CCC(=O)O)C(=O)O,21.85042387845273
CGCGGGATGTTTGGGGGACCCAC,CN(CC1=CN=C2C(=N1)C(=NC(=N2)N)N)C3=CC=C(C=C3)C(=O)NC(CCC(=O)O)C(=O)O,5.276544327964814
GCAGCGGTTCTTGATCGCTGACACCATATTATGAAGA,C/C(=N\C#N)/N(C)Cc1ccc(nc1)Cl,6.00436480540245
GATCGCTGACACCATATTATGAAGA,C/C(=N\C#N)/N(C)Cc1ccc(nc1)Cl,6.00436480540245
AAAAAAAAAAGTTGGGCACGTGTTGTCTCTCTGTGTCTCGTGCCCTTCGCTAGGCCCACA,COC1=C2C3=C(C(=O)CC3)C(=O)OC2=C4[C@@H]5C=CO[C@@H]5OC4=C1,6.00436480540245
AGCAGCACAGAGGTCAGATGGTGCTATCATGCGCTCAATGGGAGACTTTAGCTGCCCCCACCTATGCGTGCTACCGTGAA,COC1=C2C3=C(C(=O)CC3)C(=O)OC2=C4[C@@H]5C=CO[C@@H]5OC4=C1,6.9434762759209
AGCAGCACAGAGGTCAGATGTAATCGTACCTTTGTCCACTGTCTTCGTCGTACTCACTAGCCTATGCGTGCTACCGTGAA,COC1=C2C3=C(C(=O)CC3)C(=O)OC2=C4[C@@H]5C=CO[C@@H]5OC4=C1,6.297052753818444
AGCAGCACAGAGGTCAGATGTGGCGTAGTATGCGCTCCGAAATAGCAAATTTCTGGCCTTCCTATGCGTGCTACCGTGAA,COC1=C2C3=C(C(=OCC3C(=O)OC2=C4[C@@H]5C=CO[C@@H]5OC4=C1,6.5934598195660445
AGCAGCACAGAGGTCAGATGTATCGTACGCCAAAGTCCCGTAAACACTACTTACACATTGCCTATGCGTGCTACCGTGAA,COC1=C2C3=C(C(=O)CC3)C(=O)OC2=C4[C@@H]5C=CO[C@@H]5OC4=C1,6.877129077135565
AGCAGCACAGAGGTCAGATGGGATACGCATGCGTCGTATTACCGATTACGTAAAACGAGACCTATGCGTGCTACCGTGAA,COC1=C2C3=C(C(=O)CC3)C(=O)OC2=C4[C@@H]5C=CO[C@@H]5OC4=C1,6.030397735151461
GGGAGTCAAGAACGAA,C=C[C@H]1CN2CC[C@H]1C[C@H]2[C@H](Oc1ccnc2ccc(OC)cc12,6.00436480540245
TCGTGGGACGACATTCGTTCTTCAATGA,C=C[C@H]1CN2CC[C@H]1C[C@H]2[C@H](Oc1ccnc2ccc(OCcc12,6.00436480540245
TCCAGCACTCCACGCATAACGGCAGGAAGAGTAGTGATGAGTGGTGTTATGCGGGGTGTGGTTATGCGTGCGACGGTGAA,CCOP(=S)(OCC)ON=C(C#N)C1=CC=CC=C1,5.031517051446065
CTGTTTGGTAGGCAG,CC1=NC=C(N1CCO)[N+](=O)[O-],6.00436480540245
GGAAAAGAATTTATCTTGTCC,CC(=O)NC1C(CC(OC1C(C(CO)O)O)(C(=O)O)O)O,6.254066841540557
ATTGGCACTCCACGCATAGGCACACCCACCGGCCTAGCCACACCATGCTGCTGTTGCCCACCTATGCGTGCTACCGTGAA,"
CC[C@H]1OC(=O)[C@H](C)[C@@H](OC2CC(C)(OC)C(O)C(C)O2)[C@H](C)[C@@H](OC2OC(C)CC(C2O)N(C)C)[C@](C)(O)C[C@@H](C)\C(=N/OCOCCOC)[C@H](C)[C@@H](O)[C@]1(C)O",5.337242168318426
ACGACGTTTGCGATGAGAAACGTAATACATTGGTTTCGAAGGTCGT,Nc1ncnc2c1ncn2[C@@H]1O[C@H](CO)[C@@H](O)[C@H]1O,5.3979400086720375
ACGACGTTTGCGATGAGTAACGTATGGTTACGAAGGTCGT,Nc1ncnc2c1ncn2[C@@H]1O[C@H](CO)[C@@H](O)[C@H]1O,5.3979400086720375
ACAGTAGTGAGGGGTCCGTCGTGGGGTAGTTGGGTCGTGG,C[C@H](C1=CC=C(C=C1)CC(C)C)C(=O)O ,4.522878745280337
GCGAACGACTTCATAAAATGCTATAAGGTTGCCCTCTGTC,C[C@H](C1=CC=C(C=C1)CC(C)C)C(=O)O ,4.2839966563652006
GGATCGGCGACGTGGGTGTCGTGATTCGGGGTG,C[C@H](C1=CC=C(C=C1)CC(C)C)C(=O)O ,4.494850021680094
CCACAGACCCTTAGCTTTCCTATTATTCTGCGCGACGCTG,C[C@@H](C1=CC=C(C=C1)CC(C)C)C(=O)O,4.823908740944319
ACAGCGTGGGCGGTGTCGGATTTTCGTATGGATGGGGATG,C[C@@H](C1=CC=C(C=C1)CC(C)C)C(=O)O ,4.42021640338319
AGCAGCACAGAGGTCAGATGGGACGCGGTTTACTGTCATCTGTTCTTCAACTACTTCTCCCCTATGCGTGCTACCGTGAA,CCCC[C@@H](C)[C@@H](OC(=O)C[C@H](CC(=O)O)C(=O)O)[C@@H](OC(=O)C[C@H](CC(=O)O)C(=O)O)[C@@H](C)C[C@H](O)CCCC[C@@H](O)C[C@H](O)[C@H](C)N,5.87942606879415
AGCAGCACAGAGGTCAGATGTAAACCCAATAAGCTTACTATATATTCTGGATTACATCTTCCTATGCGTGCTACCGTGAA,CCCC[C@@H](C)[C@@H](OC(=O)C[C@H](CC(=O)O)C(=O)O)[C@@H](OC(=O)C[C@H](CC(=O)O)C(=O)O)[C@@H](C)C[C@H](O)CCCC[C@@H](O)C[C@H](O)[C@H](C)N,6.050609993355087
AGCAGCACAGAGGTCAGATGCGATCTGGATATTATTTTTGATACCCCTTTGGGGAGACATCCTATGCGTGCTACCGTGAA,CCCC[C@@H](C)[C@@H](OC(=O)C[C@H](CC(=O)O)C(=O)O)[C@@H](OC(=O)C[C@H](CC(=O)O)C(=O)O)[C@@H](C)C[C@H](O)CCCC[C@@H](O)C[C@H](O)[C@H](C)N,6.2076083105017466
CTTACGACACGGGGTCTTGGGGTGAGTCCTGCTGTGTCAGTGTGTCGTAAG,C1=CC=C2C(=C1)N=CC(=N2)NS(=O)(=O)C3=CC=C(C=C3)N,5.173925197299173
CTTACGACACGGGGTCTTGGGGTGAGTCCTGCTGTGTCAGTGTGTCGTAAG,COC1=NN=C(C=C1)NS(=O)(=O)C2=CC=C(C=C2)N,-15.166926030740285
CTTACGACACGGGGTCTTGGGGTGAGZTCCTGCTGTGTCAGTGTGTCGTAAG,COC1=CN=C(N=C1)NS(=O)(=O)C2=CC=C(C=C2)N,3.512861624522813
CTTACGACACGGGGTCTTGGGGTGAGTCCTGCTGTGTCAGTGTGTCGTAAG,C1=CC(=CC=C1N)S(=O)(=O)NC2=NN=C(C=C2)Cl,3.007004901568658
CTTACGACACGGGGTCTTGGGGTGAGTCCTGCTGTGTCAGTGTGTCGTAAG,C1=CC=NC(=C1)NS(=O)(=O)C2=CC=C(C=C2)N,2.962573502059376
TAGGGAATTCGTCGACGGATCCCCAGCTCGGGGTGCTATGGAGGCTGTATCGGAGACCTGCAGGTCGACGCATGCGCCG,C1[C@H]([C@@H]([C@H]([C@@H]([C@H]1N)O[C@@H]2[C@@H]([C@H]([C@@H]([C@H](O2)CN)O)O)N)O[C@H]3[C@@H]([C@@H]([C@H](O3)CO)O[C@@H]4[C@@H]([C@H]([C@@H]([C@@H](O4)CN)O)O)N)O)O)N,5.658189711143487
TAGGGAATTCGTCGACGGATCCCCAGCTCGGGGTGCTATGGAGGCTGTATCGGAGACCTGCAGGTCGACGCATGCGCCG,CC(C1CCC(C(O1)OC2C(CC(C(C2O)OC3C(C(C(CO3)(C)O)NC)O)N)N)N)NC,5.611082154843086
TAGGGAATTCGTCGACGGATCCCCAGCTCGGGGTGCTATGGAGGCTGTATCGGAGACCTGCAGGTCGACGCATGCGCCG,C1[C@H]([C@@H]([C@H]([C@@H]([C@H]1N)O[C@@H]2[C@@H]([C@H]([C@@H]([C@H](O2)CN)O)O)O)O)O[C@@H]3[C@@H]([C@H]([C@@H]([C@H](O3)CO)O)N)O)N,5.505205571571634
CGGATCCCCAGCTCGGGGTGCTATGGAGGCTGTATCGGAGACCTGCAGG,C1[C@H]([C@@H]([C@H]([C@@H]([C@H]1N)O[C@@H]2[C@@H]([C@H]([C@@H]([C@H](O2)CN)O)O)N)O[C@H]3[C@@H]([C@@H]([C@H](O3)CO)O[C@@H]4[C@@H]([C@H]([C@@H]([C@@H](O4)CN)O)O)N)O)O)N,6.024844021593311
CGGATCCCCAGCTCGGGGTGCTATGGAGGCTGTATCGGAGACCTGCAGG,CC(C1CCC(C(O1)OC2C(CC(C(C2O)OC3C(C(C(CO3)(C)O)NC)O)N)N)N)NC,6.005506877116488
CGGATCCCCAGCTCGGGGTGCTATGGAGGCTGTATCGGAGACCTGCAGG,CC(C1CCC(C(O1)OC2C(CC(C(C2O)OC3C(C(C(CO3)(C)O)NC)O)N)N)N)NC,5.969967295063829
CGGATCCCCAGCTCGGGGTGCTATGGAGGCTGTATCGGAGACCTGCAGG,C[C@H]1[C@@]([C@H]([C@@H](O1)O[C@@H]2[C@H]([C@@H]([C@H]([C@@H]([C@H]2O)O)N=C(N)N)O)N=C(N)N)O[C@H]3[C@H]([C@@H]([C@H]([C@@H](O3)CO)O)O)NC)(C=O)O,5.992679047077256
CGGATCCCCAGCTCGGGGTGCTATGGAGGCTGTATCGGAGACCTGCAGG,C[C@H]1[C@@]([C@H]([C@@H](O1)O[C@@H]2[C@H]([C@@H]([C@H]([C@@H]([C@H]2O)O)N=C(N)N)O)N=C(N)N)O[C@H]3[C@H]([C@@H]([C@H]([C@@H](O3)CO)O)O)NC)(CO)O,25.937983701678483
CGGATCCCCAGCTCGGGGTGCTATGGAGGCTGTATCGGAGACCTGCAGG,C1[C@@H]([C@H]([C@@H]([C@H]([C@@H]1N)O[C@@H]2[C@@H]([C@H]([C@@H]([C@H](O2)CO)O)N)O)O)O[C@@H]3[C@@H](C[C@@H]([C@H](O3)CN)O)N)N,5.939000146781711
CGGATCCCCAGCTCGGGGTGCTATGGAGGCTGTATCGGAGACCTGCAGG,C[C@@H]1CC(=O)[C@]2([C@@H](O1)O[C@@H]3[C@H]([C@@H]([C@@H]([C@@H]([C@H]3O2)NC)O)NC)O)O,5.959555901637324
CGGATCCCCAGCTCGGGGTGCTATGGAGGCTGTATCGGAGACCTGCAGG,CN[C@H]1[C@H]([C@@H]2[C@H](C[C@H]([C@H](O2)O[C@@H]3[C@H](C[C@H]([C@@H]([C@H]3O)O)N)N)N)O[C@@H]1O[C@@H]4[C@@H]([C@H]([C@@H]([C@H](O4)CO)N)O)O)O,5.815819804652741
CGGATCCCCAGCTCGGGGTGCTATGGAGGCTGTATCGGAGACCTGCAGG,C1[C@H]([C@@H]([C@H]([C@@H]([C@H]1N)O[C@@H]2[C@@H]([C@H]([C@@H]([C@H](O2)CO)O)O)N)O[C@H]3[C@@H]([C@@H]([C@H](O3)CO)O[C@@H]4[C@@H]([C@H]([C@@H]([C@@H](O4)CN)O)O)N)O)O)N,5.978852064279005
CGGATCCCCAGCTCGGGGTGCTATGGAGGCTGTATCGGAGACCTGCAGG,C1[C@@H]([C@H]([C@@H]([C@H]([C@@H]1NC(=O)[C@H](CCN)O)O[C@@H]2[C@@H]([C@H]([C@@H]([C@H](O2)CO)O)N)O)O)O[C@@H]3[C@@H]([C@H]([C@@H]([C@H](O3)CN)O)O)O)N,5.730627173377074
GTTATTTCAGGGGGACCCATCAGGGGGCTAGGCTAAC,CCN1CCN(CC1)C2=C(C=C3C(=C2)N(C=C(C3=O)C(=O)O)C4CC4)F,-13.908971979153808
GTTATTTCAGGGGGACCCATCAGGGGGCTAGGCTAAC,C1CC1N2C=C(C(=O)C3=CC(=C(C=C32)N4CCNCC4)F)C(=O)O,5.051836531759388
ATCTGAGGCTTGATCTACTAATGCTATCGTAATCAGTTAG,CCN1CCN(CC1)C2=C(C=C3C(=C2)N(C=C(C3=O)C(=O)O)C4CC4)F,4.527359085456849
ATCTGAGGCTTGATCTACTAATGCTATCGTAATCAGTTAG,C1CC1N2C=C(C(=O)C3=CC(=C(C=C32)N4CCNCC4)F)C(=O)O,5.818367896379017
ATCTGAGGCTTGATCTACTAATGCTATCGTAATCAGTTAGGTTATTTCAGGGGGACCCATCAGGGGGCTAGGCTAAC,CCN1CCN(CC1)C2=C(C=C3C(=C2)N(C=C(C3=O)C(=O)O)C4CC4)F,4.882155548784554
ATCTGAGGCTTGATCTACTAATGCTATCGTAATCAGTTAGGTTATTTCAGGGGGACCCATCAGGGGGCTAGGCTAAC,C1CC1N2C=C(C(=O)C3=CC(=C(C=C32)N4CCNCC4)F)C(=O)O,4.115204636051019
TCATCTATCTATGGTACATTACTATCTGTAATGTGATATGTTTTTTGATCGGGTGTGGGTGGCGTAAAGGGAGCATCGGACA,C[C@H]1CCCC(=O)CCC/C=C/C2=C(C(=CC(=C2)O)O)C(=O)O1,5.723078867934226
TCATCTATCTATGGTACATTACTATCTGTAATGTGATATGTTTTTTGATCGGGTGTGGGTGGCGTAAAGGGAGCATCGGACA,C[C@@H]1CC2=C(C=C(C(=C2C(=O)O1)O)C(=O)N[C@@H](CC3=CC=CC=C3)C(=O)O)Cl,5.723078867934226
GGCGGGTTATTTGACCATGTCGAGGGAGACGCGCAGTCGCTACCACCTTTCCCGCC,C[C@@H]1CC[C@]2(CCCCO2)O[C@@H]1[C@@H](C)C[C@@H]([C@@H]3C(=C)[C@H]([C@H]4[C@H](O3)CC[C@]5(O4)CC[C@@H](O5)/C=C/[C@@H](C)[C@@H]6CC(=C[C@@]7(O6)[C@@H](CC[C@H](O7)C[C@](C)(C(=O)O)O)O)C)O)O,22.90110274806095
GGCGGGTTATTTGACCATGTCGAGGGAGACGCGCAGTCGCTACCACCTTTCCCGCC,CC1CCC2(C(CCCO2)C)OC1C(C)CC(C3C(=C)C(C4C(O3)CCC5(O4)CCC(O5)/C=C/C(C)C6CC(=CC7(O6)C(CCC(O7)CC(C)(C(=O)O)O)O)C)O)O,6.601886308269497
GGCGGGTTATTTGACCATGTCGAGGGAGACGCGCAGTCGCTACCACCTTTCCCGCC,C[C@@H]1CCCO[C@@]12CCC[C@H](O2[C@@H](CC[C@@H]([C@@H]3C(=C[C@H]([C@H]4[C@H](O3)CC[C@]5(O4)CC[C@@H](O5)/C=C/[C@@H](C)[C@@H]6CC(=C[C@@]7(O6)[C@@H](CC[C@H](O7)C[C@](C)(C(=O)O)O)O)C)O)O,5.753501419204199
GGTCACCAACAACAGGGAGAAGGGTCAATGTGACGTCATGCGGATGTGTGG,C[C@@H]1CC[C@]2(CCCCO2)O[C@@H]1[C@@H](C)C[C@@H]([C@@H]3C(=C)[C@H]([C@H]4[C@H](O3)CC[C@]5(O4)CC[C@@H](O5)/C=C/[C@@H](C)[C@@H]6CC(=C[C@@]7(O6)[C@@H](CC[C@H](O7)C[C@](C)(C(=O)O)O)O)C)O)O,5.875821944525325
GGTCACCAacaaCAGGGAGAaGgGtCAAtgTgAcGTCaTgcgGatGTGTgg,CC1CCC2(C(CCCO2)C)OC1C(C)CC(C3C(=C)C(C4C(O3)CCC5(O4)CCC(O5)/C=C/C(C)C6CC(=CC7(O6)C(CCC(O7)CC(C)(C(=O)O)O)O)C)O)O,5.641874714723351
GGTCACCAACAACAGGGAGAAGGGTCAATGTGACGTCATGCGGATGTGTGG,C[C@@H]1CCCO[C@@]12CCC[C@H](O2)[C@@H](C)C[C@@H]([C@@H]3C(=C)[C@H]([C@H]4[C@H](O3)CC[C@]5(O4)CC[C@@H](O5)/C=C/[C@@H](C)[C@@H]6CC(=C[C@@]7(O6)[C@@H](CC[C@H](O7)C[C@](C)(C(=O)O)O)O)C)O)O,6.232176501992483
GGTCACCAACAACAGGGAGAA,C[C@@H]1CC[C@]2(CCCCO2)O[C@@H]1[C@@H](C)C[C@@H]([C@@H]3C(=C)[C@H]([C@H]4[C@H](O3)CC[C@]5(O4)CC[C@@H](O5)/C=C/[C@@H](C)[C@@H]6CC(=C[C@@]7(O6)[C@@H](CC[C@H](O7)C[C@](C)(C(=O)O)O)O)C)O)O,6.934047019686131
GGTCACCAACAACAGGGAGAA,CC1CCC2(C(CCCO2)C)OC1C(C)CC(C3C(=C)C(C4C(O3)CCC5(O4)CCC(O5)/C=C/C(C)C6CC(=CC7(O6)C(CCC(O7)CC(C)(C(=O)O)O)O)C)O)O,6.359319846722335
GGTCACCAACAACAGGGAGAA,C[C@@H]1CCCO[C@@]12CCC[C@H](O2)[C@@H](C)C[C@@H]([C@@H]3C(=C)[C@H]([C@H]4[C@H](O3)CC[C@]5(O4)CC[C@@H](O5)/C=C/[C@@H](C)[C@@H]6CC(=C[C@@]7(O6)[C@@H](CC[C@H](O7)C[C@](C)(C(=O)O)O)O)C)O)O,6.543482142194738
GGGTCAATGTGACGTCATGCGGATGTGTGG,C[C@@H]1CC[C@]2(CCCCO2)O[C@@H]1[C@@H](C)C[C@@H]([C@@H]3C(=C)[C@H]([C@H]4[C@H](O3)CC[C@]5(O4)CC[C@@H](O5)/C=C/[C@@H](C)[C@@H]6CC(=C[C@@]7(O6)[C@@H](CC[C@H](O7)C[C@](C)(C(=O)O)O)O)C)O)O,6.934047019686131
GGGTCAATGTGACGTCATGCGGATGTGTGG,CC1CCC2(C(CCCO2)C)OC1C(C)CC(C3C(=C)C(C4C(O3)CCC5(O4)CCC(O5)/C=C/C(C)C6CC(=CC7(O6)C(CCC(O7)CC(C)(C(=O)O)O)O)C)O)O,6.359319846722335
GGGTCAATGTGACGTCATGCGGATGTGTGG,C[C@@H]1CCCO[C@@]12CCC[C@H](O2)[C@@H](C)C[C@@H]([C@@H]3C(=C)[C@H]([C@H]4[C@H](O3)CC[C@]5(O4)CC[C@@H](O5)/C=C/[C@@H](C)[C@@H]6CC(=C[C@@]7(O6)[C@@H](CC[C@H](O7)C[C@](C)(C(=O)O)O)O)C)O)O,6.543482142194738
TTTTTGGGGGAAAAACTTCCAACGCTCGTATTGTCAGTCTTTAGT,CC(=O)Nc1ccc(cc1)S(=O)(=O)N ,-13.299138690429409
CCCCCTGGGTCGGGAGGGAAGGGGGTTGGGGGTGCGG,COc1ccc2c3c1O[C@H]1[C@@H](O)C=C[C@H]4[C@@H](C2)N(C)CC[C@@]341,5.040958607678906
ATTTGACCATGTCGAGGGAG,C[C@@H]1CC[C@]2(CCCCO2)O[C@@H]1[C@@H](C)C[C@@H]([C@@H]3C(=C)[C@H]([C@H]4[C@H](O3)CC[C@]5(O4)CC[C@@H](O5)/C=C/[C@@H](C)[C@@H]6CC(=C[C@@]7(O6)[C@@H](CC[C@H](O7)C[C@](C)(C(=O)O)O)O)C)O)O,5.224243962155902
ATTTGACCATGTCGAGGGAG,CC1CCC2(C(CCCO2)C)OC1C(C)CC(C3C(=C)C(C4C(O3)CCC5(O4)CCC(O5)/C=C/C(C)C6CC(=CC7(O6)C(CCC(O7)CC(C)(C(=O)O)O)O)C)O)O,5.177766519761156
ATTTGACCATGTCGAGGGAG,C[C@@H]1CCCO[C@@]12CCC[C@H](O2[C@@H](CC[C@@H]([C@@H]3C(=C[C@H]([C@H]4[C@H](O3CC[C@]5(O4CC[C@@H](O5/C=C/[C@@H](C[C@@H]6CC(=C[C@@]7(O6[C@@H](CC[C@H](O7C[C@](C(C(=OOOOCO)O,5.964170174747172
ACGCGCAGTCGCTACCACCT,C[C@@H]1CC[C@]2(CCCCO2)O[C@@H]1[C@@H](C)C[C@@H]([C@@H]3C(=C)[C@H]([C@H]4[C@H](O3)CC[C@]5(O4)CC[C@@H](O5)/C=C/[C@@H](C)[C@@H]6CC(=C[C@@]7(O6)[C@@H](CC[C@H](O7)C[C@](C)(C(=O)O)O)O)C)O)O,5.224243962155902
ACGCGCAGTCGCTACCACCT,CC1CCC2(C(CCCO2)C)OC1C(C)CC(C3C(=C)C(C4C(O3)CCC5(O4)CCC(O5)/C=C/C(C)C6CC(=CC7(O6)C(CCC(O7)CC(C)(C(=O)O)O)O)C)O)O,5.177766519761156
ACGCGCAGTCGCTACCACCT,C[C@@H]1CCCO[C@@]12CCC[C@H](O2)[C@@H](C)C[C@@H]([C@@H]3C(=C)[C@H]([C@H]4[C@H](O3)CC[C@]5(O4)CC[C@@H](O5)/C=C/[C@@H](C)[C@@H]6CC(=C[C@@]7(O6)[C@@H](CC[C@H](O7)C[C@](C)(C(=O)O)O)O)C)O)O,5.964170174747172
GGGAGAATTCCCGcGGCAGAAGCCCACCTGGCTTTGAACTCTATGTTATTGGGTGGGGGaAAcTTAAGAAAACTACCACCCTTCAACATTACCGCcCTTCAGCCTGCCAGCGCCCtGCAGCCCgGGAAGCTT,C1=CC=C2C(=C1)C(=O)C3=C(C2=O)C(=C(C=C3NC4=CC(=C(C=C4)NC5=NC(=NC(=N5)NC6=CC=CC=C6S(=O)(=O)O)Cl)S(=O)(=O)O)S(=O)(=O)O)N,4.0
AAAAAAAAAAAAAAAAAAAAAAAAAAAAAAAAAAAAAAAAAAAAAAAAAAAAAAAAAAAAAAAAAAAAAAAAAAAAAAAAAAAAAAAAAAAAAAAAAAAAAAAAAAAAAAAAAAAAAAAAAAAAAAAAAAAAAAAAAAAAAAAAAAAAAAAAAAAAAAAAAAAAAAAAAAAAAAAAAAAAAAAAAAAAAAAAAAAAAAAA,CC1=C2C=CN=CC2=C(C3=C1NC4=CC=CC=C43)C,5.33724216831843
GCGCGCGCGAAAGCGCGCGC,C1=CC(=CC=C1C(=O)NC2=NC=C(C=C2)NC(=O)C3=CC=NC=C3)F,4.52287874528034
CGCGAATTCGCGTTTTCGCGAATTCGCG,C1=CC(=CC=C1C(=O)NC2=NC=C(C=C2)NC(=O)C3=CC=NC=C3)F,4.30102999566398
CGCGAATTCGCGTtTTCGCGAaTTCGCG,CCN(CC)CCOC1=CC=C(C=C1)NC2=NC(=NC3=CC=CC=C32)C4=CC=CC=C4NC(=O)CCN5CCN(CC5)C,4.67366413907125
GGGGCCGGGGCCGGGGCCGGGGCCGGGGCCGGGGCCGGGGCCGGGGCCGGGGCCGGGGCCGGGGCCGGGGCCGGGGCCGGGGCCGGGGCCGGGGCCGGGGCCGGGGCCGGGGCCGGGGCCGGGGCCGGGGCCGGGGCCGGGGCCGGGGCCGGGGCCGGGGCCGGGGCCGGGGCCGGGGCCGGGGCCGGGGCCGGGGCCGGGGCCGGGGCCGGGGCC,NC(=[NH2+])C1=CC=C(N=C1)C1=CC=C(O1)C1=CC=C(O1)C1=NC=C(C=C1)C(N)=[NH2+],6.38721614328026
GGGGCCGGGGCCGGGGCCGGGGCCGGGGCCGGGGCCGGGGCCGGGGCCGGGGCCGGGGCCGGGGCCGGGGCCGGGGCCGGGGCCGGGGCCGGGGCCGGGGCCGGGGCCGGGGCCGGGGCCGGGGCCGGGGCCGGGGCCGGGGCCGGGGCCGGGGCCGGGGCCGGGGCCGGGGCCGGGGCCGGGGCCGGGGCCGGGGCCGGGGCCGGGGCCGGGGCC,NC(=[NH2+])C1=CC=C(N=C1)C1=CC=C(S1)C1=CC=C(S1)C1=NC=C(C=C1)C(N)=[NH2+],6.58838029403677
GCGGCGGCGGAGGCA,[NH3+]CCNC1=C2OC=CC2=C(NCC[NH3+])C2=C1C(=O)C1=CC=CC=C1C2=O,7.1249387366083
GCGGCGGCGGAGGCA,[NH3+]CCNC1=C2SC=CC2=C(NCC[NH3+])C2=C1C(=O)C1=CC=CC=C1C2=O,7.04095860767891
cgcgaattcgcgttttCgcgaattcgcg,C(CN1C=C(CNC2=C3C=CC=CC3=[NH+]C3=C2OC2=C3C=CC=C2)N=N1)C[NH+]1CCCCC1,0.467245621007502
TGAGGGTGGGTAGGGTGGGTAA,C(CN1C=C(CNC2=C3C=CC=CC3=[NH+]C3=C2OC2=C3C=CC=C2)N=N1)C[NH+]1CCCCC1,5.14874165128092
GTGCCAGTTCGCTGGCACTGAAGGAAGGT,CC[NH+]1CCN(C[C@@H]1C)C1=CC=C2C=C(C3=CN4C=C(C)N=C(C)C4=N3)C(=O)OC2=C1,4.95860731484177
CCGGTGCGCATAACCACCTCAGTGCGAGCAACGATGGCC,C/C/1=C/2\[C@@]([C@@H](C(=N2)/C=C\3/C([C@@H](C(=N3)/C(=C\4/[C@]([C@H](C([N-]4)[C@]5([C@@]([C@@H](C1=N5)CCC(=O)N)(C)CC(=O)N)C)CC(=O)N)(C)CCC(=O)NCC(C)O)/C)CCC(=O)N)(C)C)CCC(=O)N)(C)CC(=O)N.[C-]#N.[C-]#N.[Co],5.05551732784983
CGCGCGAAAGCGCG,N[C@@H]1C[C@H](N)[C@H]([C@H]([C@H]1OCCCc1nnn(c1)Cc1ccc(cc1)Cn1nnc(c1)CCCO[C@@H]1[C@H](N)C[C@H]([C@@H]([C@H]1O)O)N)O)O,5.24184537803261
CGCGCGAAAGCGCG,N[C@@H]1C[C@H](N)[C@H]([C@H]([C@H]1OCCCc1nnn(c1)Cc1c(C)cc(c(c1C)Cn1nnc(c1)CCCO[C@@H]1[C@H](N)C[C@H]([C@@H]([C@H]1O)O)N)C)O)O,6.20065945054642
CGCGCGAAAGCGCG,N[C@@H]1C[C@H](N)[C@H]([C@H]([C@H]1OCCCc1nnn(c1)Cc1cccc(n1)Cn1nnc(c1)CCCO[C@@H]1[C@H](N)C[C@H]([C@@H]([C@H]1O)O)N)O)O,5.2958494831602
CGCGCGAAAGCGCG,[C@@H]1([C@H]([C@H](O)[C@H]([C@@H](C1)N)O)OCCCc1cn(nn1)Cc1cccc(Cn2cc(nn2)CCCO[C@H]2[C@@H](C[C@@H]([C@@H](O)[C@H]2O)N)N)c1)N,5.86646109162978
CGcGCACAACaAgCGcg,N[C@@H]1C[C@H](N)[C@H]([C@H]([C@H]1OCCCc1nnn(c1)Cc1ccc(cc1)Cn1nnc(c1)CCCO[C@@H]1[C@H](N)C[C@H]([C@@H]([C@H]1O)O)N)O)O,5.69250396208679
CGCGCACAACAAGCGCG,[C@@H]1([C@H]([C@H](O)[C@H]([C@@H](C1)N)O)OCCCc1cn(nn1)Cc1cccc(Cn2cc(nn2)CCCO[C@H]2[C@@H](C[C@@H]([C@@H](O)[C@H]2O)N)N)c1)N,5.62160209905186
CGCGCACAACAAGCGCG,N[C@@H]1C[C@H](N)[C@H]([C@H]([C@H]1OCCCc1nnn(c1)Cc1c(C)cc(c(c1C)Cn1nnc(c1)CCCO[C@@H]1[C@H](N)C[C@H]([C@@H]([C@H]1O)O)N)C)O)O,6.32790214206428
CGCGCACAACAAGCGCG,N[C@@H]1C[C@H](N)[C@H]([C@H]([C@H]1OCCCc1nnn(c1)Cc1cccc(n1)Cn1nnc(c1)CCCO[C@@H]1[C@H](N)C[C@H]([C@@H]([C@H]1O)O)N)O)O,5.46597389394387
CTGCTGCTGCTGCTGCTGCTGCTGCTGCTGCTGCTG,NC1=NC(NCCN(CC[NH3+])CC[NH3+])=NC(NCCCCNC(=[NH2+])C2=CC=C(C=C2)C(=[NH2+])NCCCCNC2=NC(NCCN(CC[NH3+])CC[NH3+])=NC(N)=[NH+]2)=[NH+]1,5.30102999566398
CCGCCGCCGCCGCCGCCGCCGCCGCCGCCGCCGCCG,NC(=[NH2+])C1=CC=C(NC2=CC=C(C=C2)C2=CC3=CC=C(C=C3N2)C(N)=[NH2+])C=C1,-14.409758774208338
GGCCGGCCGGCCGGCC,NC(=[NH2+])C1=CC=C(NC2=CC=C(C=C2)C2=CC3=CC=C(C=C3N2)C(N)=[NH2+])C=C1,5.14266750356873
GGGGCCGGGGCCGGGGCCGGGGCCGGGGCCGGGGCCGGGGCCGGGGCC,NC(=[NH2+])C1=CC=C(NC2=CC=C(C=C2)C2=CC3=CC=C(C=C3N2)C(N)=[NH2+])C=C1,4.82390874094432
GGGGCCGGGGCCGGGGCCGGGGCCGGGGCCGGGGCCGGGGCCGGGGCC,NC(=[NH2+])C1=CC=C(NC2=CC=C(C=C2)C2=CC3=CC=C(C=C3N2)C(N)=[NH2+])C=C1,-12.98065820780749
CGGCGGCGGCGGCGGCGGCGGCGGCGGCGGCGGCGG,CC1=C2C=C[N+](CC[NH+]3CCCCC3)=CC2=C(C)C2=C1NC1=C2C=C(O)C=C1,6.09691001300806
CGGCGGCGGCGGCGGCGGCGGCGGCGGCGGCGGCGG,CC1=C2C=C[N+](CC[NH+]3CCCCC3)=CC2=C(C)C2=C1NC1=C2C=C(O)C=C1,7.11918640771921
GGCCGGCCGGCCGGCC,CC1=C2C=C[N+](CC[NH+]3CCCCC3)=CC2=C(C)C2=C1NC1=C2C=C(O)C=C1,5.07572071393812
GGGGCCGGGGCCGGGGCCGGGGCCGGGGCCGGGGCCGGGGCCGGGGCC,CC1=C2C=C[N+](CC[NH+]3CCCCC3)=CC2=C(C)C2=C1NC1=C2C=C(O)C=C1,4.30102999566398
GGGGCCGGGGCCGGGGCCGGGGCCGGGGCCGGGGCCGGGGCCGGGGCC,CC1=C2VC=C[N+](CC[NH+]3CCCCC3)=CC2=C(C)C2=C1NC1=C2C=C(O)C=C1,4.08618614761628
GGCAGCAGCAGCAGCAGCAGCAGCAGCAGCAGCAGCAGCAGCAGCAGCAGCAGCAGCC,C1=CC(=CC=C1C2=CC=C(O2)C3=CC=C(C=C3)C(=[NH2+])N)C(=[NH2+])N,4.22257317761069
GGCAGCAGCAGCAGCAGCAGCAGCAGCAGCAGCAGCAomeGCAGCAGCAGCAGCAGCAGCC,C1=CC(=CC=C1C2=CC=C(O2)C3=CC=C(C=C3)C(=[NH2+])N)C(=[NH2+])N,3.79588001734407
CGGCGGCGGCGGCGGCGGCGGCGGCGGCGGCGGCGG,C1=CC(=CC=C1C2=CC=C(O2)C3=CC=C(C=C3)C(=N)N)C(=N)N,5.69897000433602
CGGCGGCGGCGGCGGCGGCGGCGGCGGCGGCGGCGG,N=[N+]=NCCCNC(=Nc1ccc(cc1c1ccc(o1c1ccc(cc1)C(=N)N,5.52287874528034
GGGGCCGGGGCCGGGGCCGGGGCCGGGGCCGGGGCCGGGGCCGGGGCC,Oc1ccc2c(c1)c1c(C)c3c[n+](CCN4CCCCC4)ccc3c(c1[nH]2)C,5.01322826573376
GGGGCCGGGGCCGGGGCCGGGGCCGGGGCCGGGGCCGGGGCCGGGGCC,NC(=N)c1ccc(cc1)Nc1ccc(cc1)c1cc2c([nH]1)cc(cc2)C(=N)N,5.0
GGGGCCGGGGCCGGGGCCGGGGCCGGomeGGCCGGGGCCGGGGCCGGGGCC,CCN(CC)CCNC(=O)C1=CC2=C(N1)C=CC(=C2)NC(=O)C3=CC4=C(N3)C=CC(=C4)N,4.79588001734408
GGAGGAGGGGGAGGAGGA,CCN(CC)CCOC1=CC=C(C=C1)NC2=NC(=NC3=CC=CC=C32)C4=CC=CC=C4NC(=O)CCN5CCN(CC5)C,6.03245202378114
GGAGGAGGGGGAGGAGGA,C(CN1C=C(CNC2=C3C=CC=CC3=[NH+]C3=C2OC2=C3C=CC=C2)N=N1)C[NH+]1CCCCC1,5.86012091359876
taGgGaaTtCGtCGAcgGatCCtAtgAaCCaAGGGagggGcaggGCGGGtagGgttAATaAcGGATTcCgaGCGcCcAgctcCTGCagGtCgaCGCAtgCGCcg,CC1=C(C2=CC3=NC(=CC4=NC(=CC5=C(C(=C(N5)C=C1N2)C(C)O)C)C(=C4CCC(=O)O)C)C(=C3C)CCC(=O)O)C(C)O,4.958607314841775
TAGGGAATTCGTCGACGGATCCACGAAGAAACAGGGCGCTTCGAACGAACATGGGCAGGGTGGGAAGTTTTAAAGTGGTACCTGCAGGTCGACGCATGCGCCG,CC1=C(C2=CC3=NC(=CC4=NC(=CC5=C(C(=C(N5)C=C1N2)C(C)O)C)C(=C4CCC(=O)O)C)C(=C3C)CCC(=O)O)C(C)O,5.040958607678906
TAGGGAATTCGTCGACGGATCCCAGCGTAAGGTCGTGGGTGGTTGGGTGCCTAAGCGTATACTTACAGCGATTGATTTGGTCCTGCAGGTCGACGCATGCGCCG,CC1=C(C2=CC3=NC(=CC4=NC(=CC5=C(C(=C(N5)C=C1N2)C(C)O)C)C(=C4CCC(=O)O)C)C(=C3C)CCC(=O)O)C(C)O,3.920818753952375
TAGGGAATTCGTCGACGGATCCGGTGCGGGTAGGGATGAGGGCGGGTCGGGTTGAGTGTGAGCTTAGGGGTGGCGGATCTACCTGCAGGTCGACGCATGCGCCG,CC1=C(C2=CC3=NC(=CC4=NC(=CC5=C(C(=C(N5)C=C1N2)C(C)O)C)C(=C4CCC(=O)O)C)C(=C3C)CCC(=O)O)C(C)O,5.200659450546418
TAGGGAATTCGTCGACGGATCCCTAGAGTAACCTGTTGGGAGGGCGGGTAGGGCCCATTGAGAGGAGGACGTATTCGTCCGCCTGCAGGTCGACGCATGCGCCG,CC1=C(C2=CC3=NC(=CC4=NC(=CC5=C(C(=C(N5)C=C1N2)C(C)O)C)C(=C4CCC(=O)O)C)C(=C3C)CCC(=O)O)C(C)O,4.886056647693163
TAGGGAATTCGTCGACGGATCCCAATGGGGTCGGGCGGGCCGGGTGTCATGGTGGACGGAGATGGGACGTAGAGGGCGGTCTGCAGGTCGACGCATGCGCCG,CC1=C(C2=CC3=NC(=CC4=NC(=CC5=C(C(=C(N5)C=C1N2)C(C)O)C)C(=C4CCC(=O)O)C)C(=C3C)CCC(=O)O)C(C)O,5.795880017344075
TAGGGAATTCGTCGACGGATCCGCGGCAAATCAGCATACGAGTGTACAGGGACGGGACGGGTGGGTAAAAGGTGTCGCCTCAGCTGCAGGTCGACGCATGCGCCG,CC1=C(C2=CC3=NC(=CC4=NC(=CC5=C(C(=C(N5)C=C1N2)C(C)O)C)C(=C4CCC(=O)O)C)C(=C3C)CCC(=O)O)C(C)O,5.568636235841012
TAGGGAATTCGTCGACGGATCCCCAACTTGGGCGGAGGGCTAACGGTGGGGGGATATTATGAGGGGTGGAGGTATTAACCATTCTGCAGGTCGACGCATGCGCCG,CC1=C(C2=CC3=NC(=CC4=NC(=CC5=C(C(=C(N5)C=C1N2)C(C)O)C)C(=C4CCC(=O)O)C)C(=C3C)CCC(=O)O)C(C)O,5.008773924307505
TAGGGAATTCGTCGACGGATCCCCGGGGATTAGAATAGTGGAGGGCCGGTGGCAAATGGGTAAGTAGGTTGAAGGGCTAAATTCTGCAGGTCGACGCATGCGCCG,CC1=C(C2=CC3=NC(=CC4=NC(=CC5=C(C(=C(N5)C=C1N2)C(C)O)C)C(=C4CCC(=O)O)C)C(=C3C)CCC(=O)O)C(C)O,3.6575773191777934
ATGGGGTCGGGCGGGCCGGGTGTC,CC1=C(C2=CC3=NC(=CC4=NC(=CC5=C(C(=C(N5)C=C1N2)C(C)O)C)C(=C4CCC(=O)O)C)C(=C3C)CCC(=O)O)C(C)O,3.823908740944319
GACAAGGAAAATCCTTCAATGAAGTGGGTC,CN1[C@H]2CC[C@@H]1[C@H]([CW@H](C2)OC(=O)C3=CC=CC=C3)C(=O)OC,4.0
GGGAGACAAGGAAAATCCTTCAATGAAGTGGGTCGACA,CN1[C@H]2CC[C@@H]1[C@H]([C@H](C2)OC(=O)C3=CC=CC=C3)C(=O)OC,4.698970004336019
AATTCGCTAGCTGGAGCTTGGATTGATGTGGTGTGTGAGTGCGGTGCCC,C1=CC(=CC=C1C[C@@H](C(=O)N)N)O,4.346787486224656
AATTCGCTAGCCGAGCAGACGGCGTACGGAATTCGAGCTCGGTACCCGGGGATCC,C1=CC(=CC=C1C[C@@H](C(=O)N)N)O,3.1191864077192086
GTACGAATTCACGAGGTTGCCAGCGGGGCCAGCCACTTCTGTCAGTGAATTCCTGCTCGTATATCTACTCGCCCGCCTGCGAGCATGGAGTCGGATCCTCTA,CC(=O)N[C@@H]1[C@H](C[C@@](O[C@H]1[C@@H]([C@@H](CO)O)O)(C(=O)O)O[C@H]2[C@H]([C@H](O[C@H]([C@@H]2O)O[C@H]([C@@H](CO)O)[C@@H]([C@H](C=O)O)O)CO)O)O,5.309803919971486
ATACCAGCTTATTCAATTTGAGGCGGGTGGGTGGGTTGAATATGCTGATTACCCCATCGGAGAACGTTAAGGCGCTTCAGATAGTAAGTGCAATCT,C(CO)N,8.221848749616356
AtACcAGctTATtCAATTTgaGgCGGGtGgGTGGGTTGaaTAcGCtGATCAccCcAtCGGAGAACGtTAagGCgcTTTAGAtaGtAAGtGCaAtCT,C(CO)N,8.045757490560675
ATACCAGCTTATTCAATTGCTGCGAGGTGGGTGGGTGGGAGCAATTGGTCCTCGCTTAGCTTCTACGGTGGGCTATCTAGATAGTAAGTGCAATCT,C(CO)N,7.769551078621726
ATACCAGCTTATTCAATTGCTGTGAGGTGGGTGGGTGGGAGCAATTGGTCCTCGCTTAGCTTCTACGGTGGGCTATCTAGATAGTAAGTGCAATCT,C(CO)N,7.823908740944319
ATACCAGCTTATTCAATTGCTGCGAGGTGGGTGGGTGGGAGCAATTGATCCTCGCTTAGCTTCTACGGTGGGCTATCTAGATAGTAAGTGCAATCT,C(CO)N,8.0
ATACCAGCTTATTCAATTGCTGCGAGGTGGGTGGGTGGGAGCAATTGGTCCTTGCTTAGCTTCTACGGTGGGCTATCTAGATAGTAAGTGCAATCT,C(CO)N,7.721246399047171
GATCGGGTGTGGGTGGCGTAAAGGGAGCATCGGACA,C[C@@H]1CC2=C(C=C(C(=C2C(=O)O1)O)C(=O)N[C@@H](CC3=CC=CC=C3)C(=O)O)Cl,9.69897000433602
GATCGGGTGTGGGTGGCGTAAAGGGAGCATCGG,C[C@@H]1CC2=C(C=C(C(=C2C(=O)O1)O)C(=O)N[C@@H](CC3=CC=CC=C3)C(=O)O)Cl,9.69897000433602
TGGTGGCTGTAGGTCAGCATCTGATCGGGTGTGGGTGGCGTAAAGGGAGCATCGGACAACG,C[C@@H]1CC2=C(C=C(C(=C2C(=O)O1)O)C(=O)N[C@@H](CC3=CC=CC=C3)C(=O)O)Cl,9.443697499232712
GATCGGGTGTGGGTGGCGTAAAGGGAGCAT,C[C@@H]1CC2=C(C=C(C(=C2C(=O)O1)O)C(=O)N[C@@H](CC3=CC=CC=C3)C(=O)O)Cl,8.795880017344075
GATCGGGTGTGGGTGGCGTAAAGGGAGCATCG,C[C@@H]1CC2=C(C=C(C(=C2C(=OO1OC(=ON[C@@H](CC3=CC=CC=C3C(=OOCl,9.397940008672036
CGTACGGAATTCGCTAGCCGACGCGCGTTGGTGGTGGATGGTGTGTTACACGTGTTGTGGATCCGAGCTCCACGTG,C[C@@]1([C@H]2[C@@H]([C@H]3[C@@H](C(=O)C(=C([C@]3(C(=O)C2=C(C4=C1C=CC=C4O)O)O)O)C(=O)N)N(C)C)O)O,8.017276612331454
CGTACGGAATTCGCTAGCACGTTGACGCTGGTGCCCGGTTGTGGTGCGAGTGTTGTGTGGATCCGAGCTCCACGTG,C[C@@]1([C@H]2[C@@H]([C@H]3[C@@H](C(=O)C(=C([C@]3(C(=O)C2=C(C4=C1C=CC=C4O)O)O)O)C(=O)N)N(C)C)O)O,7.917933065714887
CGTACGGAATTCGCTAGCCGAGTpsTGAGCCGGGCGCGGTACGGGTACTGGTATGTGTGGGGATCCGAGCTCCACGTG,C[C@@]1([C@H]2[C@@H]([C@H]3[C@@H](C(=O)C(=C([C@]3(C(=O)C2=C(C4=C1C=CC=C4O)O)O)O)C(=O)N)N(C)C)O)O,7.245345930744568
ACCATCTGTGTAAGGGGTAAGGGGTGGGGGTGGGTACGTCT,C[C@H]1[C@H]([C@H](C[C@@H](O1)O[C@H]2C[C@@](CC3=C2C(=C4C(=C3O)C(=O)C5=C(C4=O)C(=CC=C5)OC)O)(C(=O)C)O)N)O,6.565431095965801
CCTTCGTTGTCTGCCTTCGTAGCGGATCGAATTACGCGTTAACGGCAACCGATAACGGGACCGATTGCACACCCTTCAGAATTCGCACCA,C([C@H]([C@@H]([C@H]([C@@H](CO)O)O)O)O)O,6.991399828238082
CCTTCGTTGTCTGCCTTCGTTAGGACCGCAGACATCGACGCAGGGAAATTCCGCAAGTCCAGCCAAATGCCACCCTTCAGAATTCGCACCA,C([C@H]([C@@H]([C@H]([C@@H](CO)O)O)O)O)O,8.193820026016112
CCTTCGTTGTCTGCCTTCGTAGTCGACTCTGACGCATGGACGTATCCTGTGCGTATGCATTATGAAGCACACCCTTCAGAATTCGCACCA,C([C@H]([C@@H]([C@H]([C@@H](CO)O)O)O)O)O,7.767003889607846
CGTACGGAATTCGCTAGCCGGGAGGGCGGGGTGTGGTATGTATTGAGCGTGGTCCGTGGGATCCGAGCTCCACGTG,C[C@@]1([C@H]2C[C@H]3[C@@H](C(=O)C(=C([C@]3(C(=O)C2=C(C4=C1C=CC=C4O)O)O)O)C(=O)N)N(C)C)O,6.371815491926587
CGTACGGAATTCGCTAGCCCCCCGGCAGGCCACGGCTTGGGTTGGTCCCACTGCGCGTGGATCCGAGCTCCACGTG,C[C@@]1([C@H]2C[C@H]3[C@@H](C(=O)C(=C([C@]3(C(=O)C2=C(C4=C1C=CC=C4O)O)O)O)C(=O)N)N(C)C)O,7.196542884351587
TAGGGAATTCGTCGACGGATCCGCGGGCGATCGGCGGGGGGTGCGTGCGCTCTGTGCCAGGGGGTGGGACAGATCATATGGGGGTGCTCTGCAGGTCGACGCATGCGCCG,C1[C@@H]([C@H](O[C@H]1N2C3=C(C(=O)NC(=N3)N)NC2=O)CO)O,6.0
ATACCAGCTTATTCAATTACACACCGAGACCGCACTTGTACTCCCTAGCCGCCTCCGTAGATAGTAAGTGCAATCT,C1=CC=C(C(=C1)CC(=O)O)NC2=C(C=CC=C2Cl)Cl,6.997229371898806
ATACCAGCTTATTCAATTGGCAGTAGGTGTACATGCAAAGCCAGTGTGGGTCCCTGTGTAGATAGTAAGTGCAATCT,C1=CC=C(C(=C1)CC(=O)O)NC2=C(C=CC=C2Cl)Cl,6.779003302852631
ATACCAGCTTATTCAATTGCCCGGCAACAGGTTGTGACATGCCAGTGCGAGACCGCCCGAGATAGTAAGTGCAATCT,C1=CC=C(C(=C1)CC(=O)O)NC2=C(C=CC=C2Cl)Cl,6.827601422060695
ATACCAGCTTATTCAATTGCAACGTGGCGGTCAGTCAGCGGGTGGTGGGTTCGGTCCAGATAGTAAGTGCAATCT,C1=CC=C(C(=C1)CC(=O)O)NC2=C(C=CC=C2Cl)Cl,7.369572124974976
AGCAGCACAGAGGTCAGTTCGTCCATTATTCTGGTAGCGTTGAACAACATTCAACACGCCCCTATGCGTGCTACCGTGAA,C[C@]12CC[C@H]3[C@H]([C@@H]1CC[C@@H]2O)CCC4=C3C=CC(=C4)O,4.568636235841013
AGCAGCACAGAGGTCAGTTCGTCGAATCAGCACCTCTGCATAGGTTACGTTTATACTGCGCCTATGCGTGCTACCGTGAA,C[C@]12CC[C@H]3[C@H]([C@@H]1CC[C@@H]2O)CCC4=C3C=CC(=C4)O,4.443697499232713
AGCAGCACAGAGGTCAGTTCAGCGTCCTCTGCATAGTGATTTACGCTATGTGTACAGTGCCCTATGCGTGCTACCGTGAA,C[C@]12CC[C@H]3[C@H]([C@@H]1CC[C@@H]2O)CCC4=C3C=CC(=C4)O,3.906578314837765
AGCAGCACAGAGGTCAGTTCCATGACTCTGCATAGGTCTAATGAAACTAGTTCTTATTTACCTATGCGTGCTACCGTGAA,C[C@]12CC[C@H]3[C@H]([C@@H]1CC[C@@H]2O)CCC4=C3C=CC(=C4)O,4.2839966563652006
AGCAGCACAGAGGTCAGTTCCAAGTCGTACGACACAGGGTAATCCTGTTTGGTAAAACGACCTATGCGTGCTACCGTGAA,C[C@]12CC[C@H]3[C@H]([C@@H]1CC[C@@H]2OCCC4=C3C=CC(=C4O,4.292429823902063
AGCAGCACAGAGGTCAGTTCTTATGTCGAACTAAATTTGGCCTGACCAAGCCGAATTTGACCTATGCGTGCTACCGTGAA,C[C@]12CC[C@H]3[C@H]([C@@H]1CC[C@@H]2O)CCC4=C3C=CC(=C4)O,4.200659450546418
TGTGTGTGAGACTTCGTTCCGGCGATGGGGTAGGGGGTGTGGAGGGGCCGGACGGAGGGGCAGCAAGGCATCAGAGGTAT,C[C@]12CC[C@H]3[C@H]([C@@H]1CC[C@@H]2O)CCC4=C3C=CC(=C4)O,6.045757490560675
TGTGTGTGAGACTTCGTTCCCCCGGTCGGTGGGGTAGGGGGCGTGGAGTCACCGGGGGGGCAGCAAGGCATCAGAGGTAT,C[C@]12CC[C@H]3[C@H]([C@@H]1CC[C@@H]2O)CCC4=C3C=CC(=C4)O,5.221848749616356
AGCACGTTGGTTAGGTCAGGTTTGGGTTTCGTGC,C1=CC=C2C(=C1)C(=CN2)C[C@@H](C(=O)O)N,5.755228238504705
ATACCAGCTTATTCAATTACAGTAGTGAGGGGTCCGTCGTGGGGTAGTTGGGTCGTGGAGATAGTAAGTGCAATCT,C[C@H](C1=CC=C(C=C1)CC(C)C)C(=O)O,5.522878745280337
ATACCAGCTTATTCAATTGCGAACGACTTCATAAAATGCTATAAGGTTGCCCTCTGTCAGATAGTAAGTGCAATCT,C[C@H](C1=CC=C(C=C1)CC(C)C)C(=O)O,5.2839966563652006
ATACCAGCTTATTCAATTGGATCGGCGACGTGGGTGTCGTGATTCGGGGTGAGATAGTAAGTGCAATCT,C[C@H](C1=CC=C(C=C1)CC(C)C)C(=O)O,5.494850021680094
ATACCAGCTTATTCAATTCCACAGACCCTTAGCTTTCCTATTATTCTGCGCGACGCTGAGATAGTAAGTGCAATCT,C[C@@H](C1=CC=C(C=C1)CC(C)C)C(=O)O,5.823908740944319
ATACCAGCTTATTCAATTACAGCGTGGGCGGTGTCGGATTTTCGTATGGATGGGGATGAGATAGTAAGTGCAATCT,C[C@@H](C1=CC=C(C=C1)CC(C)C)C(=O)O,25.342705894792918
AGCAGCACAGAGGTCAGATGACTTCAGTGAGTTGTCCCACGGTCGGCGAGTCGGTGGTAGCCTATGCGTGCTACCGTGAA,C1=CC(=CC=C1[C@H]([C@@H](CO)NC(=O)C(Cl)Cl)O)[N+](=O)[O-],6.115771230367396
AGCAGCACAGAGGTCAGATGCACCAAGCGCAGGGAATTACATTGAAGTGTGGGATTGGCTCCTATGCGTGCTACCGTGAA,C1=CC(=CC=C1[C@H]([C@@H](CO)NC(=O)C(Cl)Cl)O)[N+](=O)[O-],4.698319050706424
AGCAGCACAGAGGTCAGATGACTGAGGGCACGGACAGGAGGGGGAGAGATGGCGTGAGGTCCTATGCGTGCTACCGTGAA,C1=CC(=CC=C1[C@H]([C@@H](CO)NC(=O)C(Cl)Cl)O)[N+](=O)[O-],4.935542010773082
AGCAGCACAGAGGTCAGATGATGCGGGTATATGGTGCGAGAAAACAAGGGGCATACTGGACCTATGCGTGCTACCGTGAA,C1=CC(=CC=C1[C@H]([C@@H](CO)NC(=O)C(Cl)VCl)O)[N+](=O)[O-],5.657577319177793
GGGCCGTTCGAACACGAGCATGCCGGTGGGTGGTCAGGTGGGATAGCGTTCCGCGTATGGCCCAGCGCATCACGGGTTCGCACCAGGACAGTACTCAGGTCATCCTAGG,CC(C)(C1=CC=C(C=C1)O)C2=CC=C(C=C2)O,8.080921907623926
GGGCCGTTCGAACACGAGCATGCCGGTGGGTGGTCAGGTGGGATAGCGTTCCGCGTATGGCCCAGCGCATCACGGGTTCGCACCAGGACAGTACTCAGGTCATCCTAGG,CCC(C)(C1=CC=C(C=C1)O)C2=CC=C(C=C2)O,0.856985199745905
GGGCCGTTCGAACACGAGCATGCCGGTGGGTGGTCAGGTGGGATAGCGTTCCGCGTATGGCCCAGCGCATCACGGGTTCGCACCAGGACAGTACTCAGGTCATCCTAGG,C1=CC(=CC=C1C2=CC=C(C=C2)O)O,0.856985199745905
CCTGCCACGCTCCGCAAGCTTTGTAATTTGTCTGCAGCGGTTCTTGATCGCTGACACCATATTATGAAGATAAGCTTGGCACCCGCATCGT,CC(=NC#N)N(C)CC1=CN=C(C=C1)Cl,5.302770657240282
ATACCAGCTTATTCAATTAGCGAGGGCGGTGTCCAACAGCGGTTTTTTCACGAGGAGGTTGGCGGTGGAGATAGTAAGTGCAATCT,C[C@@H]1[C@H]([C@H](C[C@@H](O1)O[C@@H]2[C@H](O[C@H](C[C@@H]2O)O[C@@H]3[C@H](O[C@H](C[C@@H]3O)O[C@H]4CC[C@]5([C@@H](C4)CC[C@@H]6[C@@H]5C[C@H]([C@]7([C@@]6(CC[C@@H]7C8=CC(=O)OC8)O)C)O)C)C)C)O)O,10.30102999566398
AGCGAGGGCGGTGTCCAACAGCGGTTTTTTCACGAGGAGGTTGGCGGTGG,C[C@@H]1[C@H]([C@H](C[C@@H](O1)O[C@@H]2[C@H](O[C@H](C[C@@H]2O)O[C@@H]3[C@H](O[C@H](C[C@@H]3O)O[C@H]4CC[C@]5([C@@H](C4)CC[C@@H]6[C@@H]5C[C@H]([C@]7([C@@]6(CC[C@@H]7C8=CC(=O)OC8)O)C)O)C)C)C)O)O,8.086186147616283
GGTGGCTGTTGGTCGAGGCTTATTAGTGTAGTCAATGGAGGCAGGCGACG,C[C@@H]1[C@H]([C@H](C[C@@H](O1)O[C@@H]2[C@H](O[C@H](C[C@@H]2O)O[C@@H]3[C@H](O[C@H](C[C@@H]3O)O[C@H]4CC[C@]5([C@@H](C4)CC[C@@H]6[C@@H]5C[C@H]([C@]7([C@@]6(CC[C@@H]7C8=CC(=O)OC8)O)C)O)C)C)C)O)O,-12.352648088573691
CACCTAATACGACTCACTATAGCGGATCCGACACGGCATGGTGGGCGTCGTGCTGGCTCGAACAAGCTTGC,CC1([C@@H](N2[C@H](S1)[C@@H](C2=O)NC(=O)[C@@H](C3=CC=CC=C3)N)C(=O)O)C,8.0268721464003
CACCTAATACGACTCACTATAGCGGATCCGAGCGGGCGGTTGTATAGCGGCTGGCTCGAACAAGCTTGC,CC1([C@@H](N2[C@H](S1)[C@@H](C2=O)NC(=O)[C@@H](C3=CC=CC=C3)N)C(=O)O)C,7.872895201635192
TTTAGTTGGGGTTCAGTTG,CC1([C@@H](N2[C@H](S1)[C@@H](C2=O)NC(=O)[C@@H](C3=CC=CC=C3)N)C(=O)O)C,8.008773924307505
CGTACGGAATTCGCTAGCCGACGCACAGTCGCTGGTGCGTACCTGGTTGCCGTTGTGTGGATCCGAGCTCCACGTG,C[C@@]1([C@H]2[C@@H]([C@H]3[C@@H](C(=O)C(=C([C@]3(C(=O)C2=C(C4=C1C=CC=C4O)O)O)O)C(=O)N)N(C)C)O)O,8.327902142064282
CATCTGCAGTGTGGCACCATGGAATACGACATTGTTGGCTGTTCTTGGTTATGCGGTTTTTCGTGCTGAGCGTGAATTCGC,C1CN2C(=N[C@H]([C@H]3[C@]2(C1(O)O)NC(=N3)N)COC(=O)N)N,7.016058141016112
CATCTGCAGTGTGGCACCATGTACGCCGCGGTGTACCTCCGCGTGTTACGCTACTTTCTGTGCGTGCGAGCGTGAATTCGC,C1[C@@H]([C@H]([C@@H](OC1(C(=O)O)O)[C@@H]([C@@H](CO)O)O)NC(=O)CO)O,8.175223537524454
CATCTGCAGTGTGGCACCATGAGGCTCTCGATAAGTATAGACACTGAATTTCGAGGTTCTTCGTGCTGAGCGTGAATTCGC,C1[C@@H]([C@H]([C@@H](OC1(C(=O)O)O)[C@@H]([C@@H](CO)O)O)NC(=O)CO)O,8.212539525481585
CATCTGCAGTGTGGCACCATGATCGCGCATCCTCGGTCGGCGGAGTCGGTGGTGTGTTCTCGTGCTGAGCGTGAATTCGC,C1[C@@H]([C@H]([C@@H](OC1(C(=O)O)O)[C@@H]([C@@H](CO)O)O)NC(=O)CO)O,8.339134521996131
CATCTGCAGTGTGGCACCATGGGATCCGGGAGGGACGTTTTCTAGTACGGTCCGTTGGGTACGTGCTGAGCGTGAATTCGC,C1[C@@H]([C@H]([C@@H](OC1(C(=O)O)O)[C@@H]([C@@H](CO)O)O)NC(=O)CO)O,8.18775530319963
CATCTGCAGTGTGGCACCATGTCCGTAGTGCTTTGTTTGTTGTGTGCTAGGTAGTGTTCTTCGTGCTGAGCGTGAATTCGC,C1[C@@H]([C@H]([C@@H](OC1(C(=O)O)O)[C@@H]([C@@H](CO)O)O)NC(=O)CO)O,7.134896025358872
TGTAATTTGTCTGCAGCGGTTCTTGATCGCTGACACCATATTATGAAGA,CC(=NC#N)N(C)CC1=CN=C(C=C1)Cl,8.302770657240282
GAATGGATCCACATCCATGGATGGGCAATGCGGGGTGGAGAATGGTTGCCGCACTTCGGCTTCACTGCAGACTTGACGAAGCTTGACGAA,C[C@]12CCC(=O)C=C1CC[C@@H]3[C@@H]2[C@H](C[C@]4([C@H]3CC[C@@]4(C(=O)CO)O)C)O,4.79317412396815
ACCGACCGTGCTGGACTCTGGACTGTTGTGGTATTATTTTTGGTTGTGCAGTATGAGCGAGCGTTGCG,[Cd],7.462180904926726
AGCCTCGTCTGTTCTCCCGGCAGTGTGGGCGAATCTATGCGTACCGTTCGATATCGTGGGGAAGACAAGCAGACGT,C[C@@H]1CC2=C(C=C(C(=C2C(=O)O1)O)C(=O)N[C@@H](CC3=CC=CC=C3)C(=O)O)Cl,6.537602002101044
AGCCTCGTCTGTTCTCCCGGCGCATGATCATTCGGTGGGTAAGGTGGTGGTAACGTTGGGGAAGACAAGCAGACGT,C[C@@H]1CC2=C(C=C(C(=C2C(=O)O1)O)C(=O)N[C@@H](CC3=CC=CC=C3)C(=O)O)Cl,6.958607314841775
CGTACGGAATTCGCTAGCGGGCGGACGCTAGGTGGTGATGCTGTGCTACACGTGTTGTGGATCCGAGCTCCACGTG,[Pd+2],5.337242168318426
GAGGCAGCACTTCACACGATCTGTGAAGTTTTTGTCATGGTTTGGGGGTGGTAGGGGTGTTGTCTGCGTAATGACTGTAGTGATG,C[C@@H]1C[C@H]2[C@@H](C[C@]3([C@H](O2)C[C@H]4[C@H](O3)C(=CC(=O)O4)C)C)O[C@@H]5[C@@H]1O[C@H]6C[C@@H]7[C@](C[C@@H]8[C@@](O7)(C/C=C\[C@@H]9[C@@H](O8)C[C@@H]1[C@@H](O9)C[C@@H]2[C@@](O1)([C@H](C[C@H](O2)CC(=C)C=O)O)C)C)(O[C@@]6(CC5)C)C,5.316052869248487
CTCGTCTCGTTCTCTCAGTCTTCTTCTGGCTTGGTGGTTGGTGTGTCTGCTGATTTGGTAGACACGAAGAAGAAGGAGGA,COC1=C2C3=C(C(=O)CC3)C(=O)OC2=C4[C@@H]5C=CO[C@@H]5OC4=C1,7.2971388294270705
CTCGTCTCGTTCTCTCAGTCTGGTTAGCACGGGACCCAGGCTATTGGCAACTTCTAGTCCGACACGAAGAAGAAGGAGGA,COC1=C2C3=C(C(=O)CC3)C(=O)OC2=C4[C@@H]5C=CO[C@@H]5OC4=C1,7.316142794599654
CTCGTCTCGTTCTCTCAGTCGGACGAAGAGAGGGGGAGAGGGGGACGGAGCTGCTAAGGTGACACGAAGAAGAAGGAGGA,COC1=C2C3=C(C(=O)CC3)C(=O)OC2=C4[C@@H]5C=CO[C@@H]5OC4=C1,7.070478899368896
AGCAGCACAGAGGTCAGATGCAATAAGCGATGCGCCCTCGCCTGGGGGCCTAGTCCTCTCCTATGCGTGCTACCGTGAA,C1=CC(=CC=C1[C@H]([C@@H](CO)NC(=O)C(Cl)Cl)O)[N+](=O)[O-],7.494850021680094
AGCAGCACAGAGGTCAGATGGCAGGGCACGCGGGTCGTCCACTGGAGATTACTGCTGCGCCCTATGCGTGCTACCGTGAA,C1=CC(=CC=C1[C@H]([C@@H](CO)NC(=O)C(Cl)Cl)O)[N+](=O)[O-],6.993020809425723
AGCAGCACAGAGGTCATGGGGGGTGTGACTTTGGTGTGCCTATGCGTGCTACGGAA,C[C@H](CCCC(C)(C)O)[C@H]1CC[C@@H]\2[C@@]1(CCC/C2=C\C=C/3\C[C@H](CCC3=C)O)CC[C@H](CCCC(C)(C)O)[C@H]1CC[C@@H]\2[C@@]1(CCC/C2=C\C=C/3\C[C@H](CCC3=C)O)C.O,7.958607314841775
AGCAGCACAGAGGTCAGATGGTCTCTACTAAAAGTTTTGATCATACCGTTCACTAATTGACCTATGCGTGCTACCGTGAA,CC(CCC1=CC=C(C=C1)O)NCC(C2=CC=C(C=C2)O)O,7.265840486755533
ATGCGGATCCCGCGCGGGTCTGAGGAGTGCGCGGTGCCAGTGAGTGCGCGAAGCTTGCGC,CC1([C@@H](N2[C@H](S1)[C@@H](C2=O)NC(=O)CC3=CC=CC=C3)C(=O)O)C,6.416801226031377
AAGGGATGCCGTTTGGGCCCAAGTTCGGCATAGTG,C[C@]12CC[C@H]3[C@H]([C@@H]1CC[C@@H]2O)CCC4=C3C=CC(=C4)O,4.443697499232713
CGACCAGCTCATTCCTCACCACGAGAAAGGAGCTCGATGAACTGCGACGGATTCGACCCTATGCGAGTAGGTGGTGGATCCGAGCTCACCAGT,CC1C(=O)C(=C(O1)C)O,8.958607314841775
ATACCAGCTTATTCAATTCTACCAGCTTTGAGGCTCGATCCAGCTTATTCAATTATACCAGCTTATTCAATTATACCAGCACAATCGTAATCAGTTAG,C[C@H]1CCCC(=O)CCC/C=C/C2=C(C(=CC(=C2)O)O)C(=O)O1,7.818156412055227
ACCGTCTGAGCGATTCGTACTTTATTCGGGAAGGGTATCAGCGGGG,CCNC1=NC(=NC(=N1)Cl)NC(C)C,8.431798275933005
ATACCAGCTTATTCAATTCAGGAAGACAACTCCGACTAGAATTGATAATCAAGAATTCGTCTGGGGGGAATGTGCGAGATAGTAAGTGCAATCT,CC1([C@@H](N2[C@H](S1)[C@@H](C2=O)NC(=O)[C@@H](C3=CC=CC=C3)NC(=O)N4CCNC4=O)C(=O)O)C,7.259637310505756
ATTGGCACTCCACGCATAGGACGCATAGGGTGCGACCACATACGCCCCATGTATGTCCCTTGGTTGTGCCCTATGCGTCCTATGCGTGCTACCGTGAA,CCCCC(CC)COC(=O)C1=CC=CC=C1C(=O)OCC(CC)CCCC,8.645891560852599
TCCAGCACTCCACGCATAACGAATTGTGCTCAATGCGCCCCTGCAGTGAATGTGGAATTTGTTATGCGTGCGACGGTGAA,C1=CC=C(C(=C1)C(C2=CC=C(C=C2)Cl)C(Cl)(Cl)Cl)Cl,6.384786665198641
GCTGTGTGACTCCTGCAAACTACTGGTGTTCCTTGCCCTGTTTCAATAAATCGTGTGTGCCGCAGCTGTATCTTGTCTCC,C[C@@H]1C[C@@H]([C@@H]2[C@H](C[C@H]([C@@](O2)(C(=O)C(=O)N3CCCC[C@H]3C(=O)O[C@@H]([C@@H]([C@H](CC(=O)[C@@H](/C=C(/C1)\C)CC=C)O)C)/C(=C/[C@@H]4CC[C@H]([C@@H](C4)OC)O)/C)O)C)OC)OC,7.248336053739013
ZGCTGTGTGACTCCTGCAAACTACTGGTGTTCCTTGCCCTGTTTCAATAAATCGTGTGTGCCGCAGCTGTATCTTGTCTCC,C[C@@H]1C[C@@H]([C@@H]2[C@H](C[C@H]([C@@](O2)(C(=O)C(=O)N3CCCC[C@H]3C(=O)O[C@@H]([C@@H]([C@H](CC(=O)[C@@H](/C=C(/C1)\C)CC=C)O)C)/C(=C/[C@@H]4CC[C@H]([C@@H](C4)OC)O)/C)O)C)OC)OC,6.7447274948966935
ATACCAGCTTATTCAATTATTCAATTCGAGGCGGGTGGGTGGGTTGAATGATAGTAAGTGCAATCT,C1[C@@H]2[C@H]([C@H]([C@@H](O2)N3C=NC4=C(N=CN=C43)N)O)OP(=O)(O1)O,3.0
CGTTAGACG,CC1=CC(=NC(=N1)NS(=O)(=O)C2=CC=C(C=C2)N)C,7.609064892896621
TAGGGAAGAGAAGGACATATGATGAAAGAGCCGGACGGGGGGCTGGCAAGGGACGGGGGGGCTGTTGACTAGTACATGACCACTTGA,CCC(C)C(C(=O)O)NC(=O)C1CCCN1C(=O)C(CCC(=O)O)NC(=O)C(C(C)C)NC(=O)C(CC2=CC=CC=C2)NC(=O)C3CCCN3C(=O)C(CC4=CC=C(C=C4)O)N,7.5386515663520175
