,aptamer,smiles,pKd
0,CCTGGGGGAGTATTGCGGAGGAAGG,Nc1ncnc2c1ncn2[C@@H]1O[C@H](COP(=O)(O)OP(=O)(O)OP(=O)(O)O)[C@@H](O)[C@H]1O,6.798602875679548
1,AAAGCGGGCGGTTGTATAGCGGAA,Nc1ncnc2c1ncn2[C@@H]1O[C@H](COP(=O)(O)O)[C@@H](O)[C@H]1O,6.198596289982645
2,GTCTCTGTGTGCGCCAGAGAACACTGGGGCAGATATGGGCCAGCACAGAATGAGGCCC,NCCc1ccc(O)c(O)c1,7.3979400086720375
3,CTCAGTTCGGGACGACGGCAAGGTAACGTATGGGACCTTGGCACGAGTCCCGAA,CN1COCN(CC2=CN=C(Cl)S2)\C1=N/[N+]([O-])=O,6.262568799485417
4,TAGGGAAGAGAAGGACATATGATCTGCGTTTATCTCCGCTCGTTAAAGCATTCTATATGACACTTGACTAGTACATGACCACTTGA,C[C@]12CC[C@H]3[C@@H](CCC4=CC(=O)CC[C@@]43C)[C@@H]1CC[C@@H]2O,6.97061622231479
5,TAGGGAAGAGAAGGACATATGATGTCGCGCCAGCCTTCTGCGTTGAAATTAGCCTGACCGTTCTTGACTAGTACATGACCACTTGA,C[C@]12CC[C@H]3[C@@H](CCC4=CC(=O)CC[C@@]43C)[C@@H]1CC[C@@H]2O,6.478861916295964
6,TAGGGAAGAGAAGGACATATGATAGTTTGAGACCTTTGCAGTCTTTCAAACACGAAGTATTCATTGACTAGTACATGACCACTTGA,C[C@]12CC[C@H]3[C@@H](CCC4=CC(=O)CC[C@@]43C)[C@@H]1CC[C@@H]2O,7.7447274948966935
7,TAGGGAAGAGAAGGACATATGATCACCAGGTGATGTGTTAACCATTTGTCGCGAAAGCCTTCTTTGACTAGTACATGACCACTTGA,C[C@]12CC[C@H]3[C@@H](CCC4=CC(=O)CC[C@@]43C)[C@@H]1CC[C@@H]2O,7.920818753952375
8,TAGGGAAGAGAAGGACATATGATTGCGTGGGTAGGAAGGGGCGGTGTGATCTGAATCGTTCGATTGACTAGTACATGACCACTTGA,C[C@]12CC[C@H]3[C@@H](CCC4=CC(=O)CC[C@@]43C)[C@@H]1CC[C@@H]2O,7.3979400086720375
9,TAGGGAAGAGAAGGACATATGATTCCTGTCGAATTCAAATCGAACTAGCCTCATCTCAGCTCGTTGACTAGTACATGACCACTTGA,C[C@]12CC[C@H]3[C@@H](CCC4=CC(=O)CC[C@@]43C)[C@@H]1CC[C@@H]2O,7.7447274948966935
10,TAGGGAAGAGAAGGACATATGATGTCCATCGTCTCTGCTCGTCGATTTCTCTTACGGTTTCACTTGACTAGTACATGACCACTTGA,C[C@]12CC[C@H]3[C@@H](CCC4=CC(=O)CC[C@@]43C)[C@@H]1CC[C@@H]2O,8.045757490560675
11,TAGGGAAGAGAAGGACATATGATAACAGTGGTCATCCGCTAGGGTACTTCAATCTTTGCCCGTTTGACTAGTACATGACCACTTGA,C[C@]12CC[C@H]3[C@@H](CCC4=CC(=O)CC[C@@]43C)[C@@H]1CC[C@@H]2O,7.7447274948966935
12,TAGGGAAGAGAAGGACATATGATCAGGCATCTTCGCTCGTTGCCACGCTGTCAGCGTTGAGCATTGACTAGTACATGACCACTTGA,C[C@]12CC[C@H]3[C@@H](CCC4=CC(=O)CC[C@@]43C)[C@@H]1CC[C@@H]2O,6.30189945437661
13,TAGGGAAGAGAAGGACATATGATATTACTTGCGGGGGTCCTCTCATTGAAAATTTCCATAACTTTGACTAGTACATGACCACTTGA,C[C@]12CC[C@H]3[C@@H](CCC4=CC(=O)CC[C@@]43C)[C@@H]1CC[C@@H]2O,8.301029995663981
14,AATTCGCTAGCTGGAGCTTGGATTGATGTGGTGTGTGAGTGCGGTGCCC,C1=CC(=CC=C1CC(C(=O)N)N)O,-1.6532125137753437
15,GTAACCCTGCCACATCCAACCCCCATGTTGGCTCTTAC,Nc1ccc(cc1)S(=O)(=O)Nc3cnc2ccccc2n3,6.083335535458603
16,GTGGAGGCGGTGGCCAGTCTCGCGGTGGCGGC,OCC(O)C1OC(=O)C(=C1O)O,5.137272471682025
17,GTGGAGGCGGTGGCCGTGGAGGCGGAGGCCGC,OCC(O)C1OC(=O)C(=C1O)O,5.539102157243452
18,ACCAGCACATTCGATTATACCAGCTTATTCAATTCACAGCTATGTCCTATACCAGCTTATTCAATT,C(CS)[C@@H](C(=O)O)N,5.221848749616356
19,GTGGAAAGCCGAATGTGATTAGGGACCAGTGGAGAAGTAGTACGGACTGACCTCGCGTGTA,C(CS)[C@@H](C(=O)O)N,4.920818753952375
20,CGACGCCAGTTTGAAGGTTCGTTCGCAGGTGTGGAGTGACGTCG,C1=CC(=C(C=C1CCN)O)O,4.568636235841013
21,GTCTCTGTGTGCGCCAGAGACACTGGGGCAGATATGGGCCAGCACAGAATGAGGCCC,C1=CC(=C(C=C1CCN)O)O,4.795880017344075
25,AAAAAAAGTTGGGCACGTGTTGTCTCTGTGTCTCGTGCCCTTCGCTAGGCCCACA,CC(=O)Nc1ccc(cc1)S(=O)(=O)N,6.00436480540245
26,AAAAAAAGTTGGGCACGTGTTGTCTCTGTGTCTCGTGCCCTTCGCTAGGCCCACA,CC(=O)Nc1ccc(cc1)S(=O)(=O)N,6.00436480540245
27,AAAAAAAGTTGGGCACGTGTTGTCTCTGTGTCTCGTGCCCTTCGCTAGGCCCACA,CC(=O)Nc1ccc(cc1)S(=O)(=O)N,6.00436480540245
28,AAAAAAAGTTGGGCACGTGTTGTCTCTGTGTCTCGTGCCCTTCGCTAGGCCCACA,CC(=O)Nc1ccc(cc1)S(=O)(=O)N,6.00436480540245
29,AAAAAAAGTTGGGCACGTGTTGTCTCTGTGTCTCGTGCCCTTCGCTAGGCCCACA,CC(=O)Nc1ccc(cc1)S(=O)(=O)N,6.00436480540245
30,AAAAAAAGTTGGGCACGTGTTGTCTCTGTGTCTCGTGCCCTTCGCTAGGCCCACA,CC(=O)Nc1ccc(cc1)S(=O)(=O)N,6.00436480540245
31,AAAAAAAGTTGGGCACGTGTTGTCTCTGTGTCTCGTGCCCTTCGCTAGGCCCACA,CC(=O)Nc1ccc(cc1)S(=O)(=O)N,6.00436480540245
32,ACCTGGGGGAGTATTGCGGAGGAAGGT,C1=NC(=C2C(=N1)N(C=N2)C3C(C(C(O3)COP(=O)(O)OP(=O)(O)OP(=O)(O)O)O)O)N,6.00436480540245
33,GCTTCCAGCTTATTGAATTACACGCAGAGGGTAGCGGCTCTGCGCATTCAATTGCTGCGCGCTGAAGCGCGGAAGC,C[C@]12CC[C@@H]3c4ccc(O)cc4CC[C@H]3[C@@H]1CC[C@@H]2O,5.886056647693163
34,GGGAGACAAGGAAAATCCTTCAATGAAGTGGGTCGACA,COC(=O)[C@H]1[C@@H](OC(=O)c2ccccc2)C[C@@H]2CC[C@H]1N2C,5.3979400086720375
35,CGGGTGTGGGTGCCTTGATCCAGGGAGTCTCTAATC,CC(=O)Nc1ccc(cc1)S(=O)(=O)N,6.017728766960431
41,GCCTGTTGTGAGCCTCCTAACGTAATAGTCTTCCTGTCCAAGGGTTACTTCGTCATTAAGATGTGTTCTGCATGCTTATTCTTGTCTCCC,NCCC1=CN=CN1,5.974284616098659
42,GCCTGTTGTGAGCCTCCTAACATTTCTATGCTGCAGCCAACTTTTCCATACTTCCAGCTTACCATTTATCCATGCTTATTCTTGTCTCCC,NCCC1=CN=CN1,6.137868620686963
43,GCCTGTTGTGAGCCTCCTAACAAATTTCGACCCTTAATATTTCGCTCCGTCCACGCGTACTGATTCGTGTCATGCTTATTCTTGTCTCCC,NCCC1=CN=CN1,6.089909454405932
45,AACCTGGGGGAGTATTGCGGAGGAAGGT,C1=NC(=C2C(=N1)N(C=N2)C3C(C(C(O3)COP(=O)(O)OP(=O)(O)OP(=O)(O)O)O)O)N,2.221848749616356
46,GTGCTTGGGGGAGTATTGCGGAGGAAAGCGGCCCTGCTGAAG,C1=NC(=C2C(=N1)N(C=N2)C3C(C(C(O3)COP(=O)(O)OP(=O)(O)OP(=O)(O)O)O)O)N,6.00436480540245
47,GTGCTTGGGGGAATATTGTGGAGGAAAGCGGCCTGCCACCAG,C1=NC(=C2C(=N1)N(C=N2)C3C(C(C(O3)COP(=O)(O)OP(=O)(O)OP(=O)(O)O)O)O)N,6.00436480540245
48,ATGCTTGGGGGAGGAATGCGGAGGAAATTAGTCTGGTGCGG,C1=NC(=C2C(=N1)N(C=N2)C3C(C(C(O3)COP(=O)(O)OP(=O)(O)OP(=O)(O)O)O)O)N,6.00436480540245
49,TCGATTGGGGGAGTATTGCGGTGGAAATCGAGGTTGATTAAT,C1=NC(=C2C(=N1)N(C=N2)C3C(C(C(O3)COP(=O)(O)OP(=O)(O)OP(=O)(O)O)O)O)N,6.00436480540245
50,ATGCTTGGGGGAGGCTTTCGGAGGAAAGCGTCGGTCGTGTCG,C1=NC(=C2C(=N1)N(C=N2)C3C(C(C(O3)COP(=O)(O)OP(=O)(O)OP(=O)(O)O)O)O)N,6.00436480540245
51,TTGCTTGGGGGAGTTATTCGGAGGAAAGCAGTGCTGCTAAAG,C1=NC(=C2C(=N1)N(C=N2)C3C(C(C(O3)COP(=O)(O)OP(=O)(O)OP(=O)(O)O)O)O)N,6.00436480540245
52,TTGCTTGGGGGAGCGTACGAGGAAAGCCTCCCTGTCTGACTG,C1=NC(=C2C(=N1)N(C=N2)C3C(C(C(O3)COP(=O)(O)OP(=O)(O)OP(=O)(O)O)O)O)N,6.00436480540245
53,TTGCCTGGGGGAACATTGTGGAGGAAGCAGGGTGTAGTGGGC,C1=NC(=C2C(=N1)N(C=N2)C3C(C(C(O3)COP(=O)(O)OP(=O)(O)OP(=O)(O)O)O)O)N,6.00436480540245
54,AAGCATGGGGGAGTCTTGCGGAGGAATGCGCACCACGTGTCG,C1=NC(=C2C(=N1)N(C=N2)C3C(C(C(O3)COP(=O)(O)OP(=O)(O)OP(=O)(O)O)O)O)N,6.00436480540245
55,TGGTTTTCGGGGGAGTCTGAGGAGGAAAACGCCACGGCTAACG,C1=NC(=C2C(=N1)N(C=N2)C3C(C(C(O3)COP(=O)(O)OP(=O)(O)OP(=O)(O)O)O)O)N,6.00436480540245
56,CTGATTGGAGGAGTATTGCGGGGGAAATCGGGCCTGCTAAAG,C1=NC(=C2C(=N1)N(C=N2)C3C(C(C(O3)COP(=O)(O)OP(=O)(O)OP(=O)(O)O)O)O)N,6.00436480540245
57,ATGATTGGAGGAGCATCGCGGGGAAAGGGGCTCTGCTAAAG,C1=NC(=C2C(=N1)N(C=N2)C3C(C(C(O3)COP(=O)(O)OP(=O)(O)OP(=O)(O)O)O)O)N,6.00436480540245
58,GTGATTGGGGGAGCATTGGGAGGAAAAATGCGCGTGTGATG,C1=NC(=C2C(=N1)N(C=N2)C3C(C(C(O3)COP(=O)(O)OP(=O)(O)OP(=O)(O)O)O)O)N,6.00436480540245
59,CTACCTGGGGGAGCATTGGGGAGGAAGGTAGCCGTGCGAAAA,C1=NC(=C2C(=N1)N(C=N2)C3C(C(C(O3)COP(=O)(O)OP(=O)(O)OP(=O)(O)O)O)O)N,6.00436480540245
60,AAGTTGGGGGAGTATTGCGGAGGAAAGCTGCACTACAGGTG,C1=NC(=C2C(=N1)N(C=N2)C3C(C(C(O3)COP(=O)(O)OP(=O)(O)OP(=O)(O)O)O)O)N,6.00436480540245
61,AAGCTCGGGGGAGTATCGCGGAGGAGAGCGGCTAAGATTATG,C1=NC(=C2C(=N1)N(C=N2)C3C(C(C(O3)COP(=O)(O)OP(=O)(O)OP(=O)(O)O)O)O)N,6.00436480540245
62,CTGCTTGGAGGAGAATCGCGGGGGAAAGAGGATGTGCTCAAA,C1=NC(=C2C(=N1)N(C=N2)C3C(C(C(O3)COP(=O)(O)OP(=O)(O)OP(=O)(O)O)O)O)N,6.00436480540245
63,GACTTGGGGGAGCATTGGGAGGAAAACGGCGCAGAACAAC,C1=NC(=C2C(=N1)N(C=N2)C3C(C(C(O3)COP(=O)(O)OP(=O)(O)OP(=O)(O)O)O)O)N,6.00436480540245
64,CTACCTGGGGGAGCATTGGGGAGGAAGGTAGCCGTGCGAAAA,C1=NC(=C2C(=N1)N(C=N2)C3C(C(C(O3)COP(=O)(O)OP(=O)(O)OP(=O)(O)O)O)O)N,6.00436480540245
65,GTGCGTGGGGGAAAATTTTGGAGGAATGCGACGCTGCTGAA,C1=NC(=C2C(=N1)N(C=N2)C3C(C(C(O3)COP(=O)(O)OP(=O)(O)OP(=O)(O)O)O)O)N,6.00436480540245
66,GTGATTGGGGGAGCATAGCGGAGGAAATCAACCCTACTGAAC,C1=NC(=C2C(=N1)N(C=N2)C3C(C(C(O3)COP(=O)(O)OP(=O)(O)OP(=O)(O)O)O)O)N,6.00436480540245
67,GTCCTTGGGGGAGCGTACAGGGAAAACGCGGTAATCATGATG,C1=NC(=C2C(=N1)N(C=N2)C3C(C(C(O3)COP(=O)(O)OP(=O)(O)OP(=O)(O)O)O)O)N,6.00436480540245
68,GTTCTTGGGGGAGTAGTACGGAGGAAAGCAGTCGTGATATGG,C1=NC(=C2C(=N1)N(C=N2)C3C(C(C(O3)COP(=O)(O)OP(=O)(O)OP(=O)(O)O)O)O)N,6.00436480540245
69,GTGATTGGGGGAATATTGTGGAGGAAAGAAGCCGTGCCGACC,C1=NC(=C2C(=N1)N(C=N2)C3C(C(C(O3)COP(=O)(O)OP(=O)(O)OP(=O)(O)O)O)O)N,6.00436480540245
70,TATCTTGGGGGAACATGCTGGCGGAAAGCTAGAGTGCTCAAA,C1=NC(=C2C(=N1)N(C=N2)C3C(C(C(O3)COP(=O)(O)OP(=O)(O)OP(=O)(O)O)O)O)N,6.00436480540245
71,ATGCGTGGGGGAGCATTACGGAGGAACGCTTGCTTGCTGAAC,C1=NC(=C2C(=N1)N(C=N2)C3C(C(C(O3)COP(=O)(O)OP(=O)(O)OP(=O)(O)O)O)O)N,6.00436480540245
72,GAGCTGGGGGGAGTATTATGGAGGAGAGCGACCTTGCTGACG,C1=NC(=C2C(=N1)N(C=N2)C3C(C(C(O3)COP(=O)(O)OP(=O)(O)OP(=O)(O)O)O)O)N,6.00436480540245
73,ACACTTGGAGGAGTATGGCGGGGGAGAGTAGCAGTTCCGAAT,C1=NC(=C2C(=N1)N(C=N2)C3C(C(C(O3)COP(=O)(O)OP(=O)(O)OP(=O)(O)O)O)O)N,6.00436480540245
74,TCGATTGGGGGAATAACGTGGAGGAAATCGCCTATTCTGAAG,C1=NC(=C2C(=N1)N(C=N2)C3C(C(C(O3)COP(=O)(O)OP(=O)(O)OP(=O)(O)O)O)O)N,6.00436480540245
75,CACTTTGGGGGAGTCTTGGGGAGGAGAACGTGCGTGCAGACC,C1=NC(=C2C(=N1)N(C=N2)C3C(C(C(O3)COP(=O)(O)OP(=O)(O)OP(=O)(O)O)O)O)N,6.00436480540245
76,TTGCGTGGGGGAACATTGTGGAGGAACGCGGCCGTACAGATG,C1=NC(=C2C(=N1)N(C=N2)C3C(C(C(O3)COP(=O)(O)OP(=O)(O)OP(=O)(O)O)O)O)N,6.00436480540245
77,GTTTTGGGGGAGAATTTCGGAGGAAAGCAAGGTCGTGCTTAG,C1=NC(=C2C(=N1)N(C=N2)C3C(C(C(O3)COP(=O)(O)OP(=O)(O)OP(=O)(O)O)O)O)N,6.00436480540245
78,GCGCTTGGGGGAAAATTGTGGAGGAAAGCACCCCAGTTGTTA,C1=NC(=C2C(=N1)N(C=N2)C3C(C(C(O3)COP(=O)(O)OP(=O)(O)OP(=O)(O)O)O)O)N,6.00436480540245
79,GAGCTTGGGGGAGCATTGCGAGGGAAGCTGGGGTGTTTATG,C1=NC(=C2C(=N1)N(C=N2)C3C(C(C(O3)COP(=O)(O)OP(=O)(O)OP(=O)(O)O)O)O)N,6.00436480540245
80,GGCAGTGGGGCAGGAATGCGGAGGAATGTAGCCCGGTGGAAG,C1=NC(=C2C(=N1)N(C=N2)C3C(C(C(O3)COP(=O)(O)OP(=O)(O)OP(=O)(O)O)O)O)N,6.00436480540245
81,GTGCTTGGGGGAGTATTGTGGAGGAAAGCACACCTGTTCACG,C1=NC(=C2C(=N1)N(C=N2)C3C(C(C(O3)COP(=O)(O)OP(=O)(O)OP(=O)(O)O)O)O)N,6.00436480540245
82,GTGGTTGGGGGAGCAATGGGAGGAAATCCGGTGCGCTGAATC,C1=NC(=C2C(=N1)N(C=N2)C3C(C(C(O3)COP(=O)(O)OP(=O)(O)OP(=O)(O)O)O)O)N,6.00436480540245
83,GATCGGGGGAGAGAATAGCGGAGGAGATCGTCCCTGCTGAGG,C1=NC(=C2C(=N1)N(C=N2)C3C(C(C(O3)COP(=O)(O)OP(=O)(O)OP(=O)(O)O)O)O)N,6.00436480540245
84,GTGCTCGGGGGAACCTTGTGGAGGAGAAGCGCATTACGGTGTTT,C1=NC(=C2C(=N1)N(C=N2)C3C(C(C(O3)COP(=O)(O)OP(=O)(O)OP(=O)(O)O)O)O)N,6.00436480540245
85,GTGCATGGGGGAAGTATGACGGGGGAATGCAGCCCGGATGAAG,C1=NC(=C2C(=N1)N(C=N2)C3C(C(C(O3)COP(=O)(O)OP(=O)(O)OP(=O)(O)O)O)O)N,6.00436480540245
86,CTTTTTGGGGGAGTATTTACGGAGGAAAATTGCAGTGACTGAAC,C1=NC(=C2C(=N1)N(C=N2)C3C(C(C(O3)COP(=O)(O)OP(=O)(O)OP(=O)(O)O)O)O)N,6.00436480540245
87,CTTGTTGGGGGAGTACTACGGGAGGAAACAGGGTTCCTGAAG,C1=NC(=C2C(=N1)N(C=N2)C3C(C(C(O3)COP(=O)(O)OP(=O)(O)OP(=O)(O)O)O)O)N,6.00436480540245
88,CCTGGGGGAGTATTGCGGAGGAAGG,C1=NC(=C2C(=N1)N(C=N2)C3C(C(C(O3)COP(=O)(O)OP(=O)(O)OP(=O)(O)O)O)O)N,4.221848749616356
89,TGGGGGGAGTATTGCGGAGGAA,C1=NC(=C2C(=N1)N(C=N2)C3C(C(C(O3)COP(=O)(O)OP(=O)(O)OP(=O)(O)O)O)O)N,6.00436480540245
90,CTGGGGGGAGTATTGCGGAGGAAG,C1=NC(=C2C(=N1)N(C=N2)C3C(C(C(O3)COP(=O)(O)OP(=O)(O)OP(=O)(O)O)O)O)N,6.00436480540245
91,TCCTGGGGGGAGTATTGCGGAGGAAGGA,C1=NC(=C2C(=N1)N(C=N2)C3C(C(C(O3)COP(=O)(O)OP(=O)(O)OP(=O)(O)O)O)O)N,6.00436480540245
92,CCTGGGGGACATTGGGAGGAAGG,C1=NC(=C2C(=N1)N(C=N2)C3C(C(C(O3)COP(=O)(O)OP(=O)(O)OP(=O)(O)O)O)O)N,6.00436480540245
93,CCTGGGGGACATTGGGAGGAAGG,C1=NC(=C2C(=N1)N(C=N2)C3C(C(C(O3)COP(=O)(O)OP(=O)(O)OP(=O)(O)O)O)O)N,6.00436480540245
94,CCTGGGGGAGATTCGGAGGAAGG,C1=NC(=C2C(=N1)N(C=N2)C3C(C(C(O3)COP(=O)(O)OP(=O)(O)OP(=O)(O)O)O)O)N,6.00436480540245
95,CCTGGGGGACATTGGGGAGGAAGG,C1=NC(=C2C(=N1)N(C=N2)C3C(C(C(O3)COP(=O)(O)OP(=O)(O)OP(=O)(O)O)O)O)N,6.00436480540245
96,CCTGGGGGAGCATTGGGGAGGAAGG,C1=NC(=C2C(=N1)N(C=N2)C3C(C(C(O3)COP(=O)(O)OP(=O)(O)OP(=O)(O)O)O)O)N,6.00436480540245
97,CCTGGGGGAGCATTGCGGAGGAAGG,C1=NC(=C2C(=N1)N(C=N2)C3C(C(C(O3)COP(=O)(O)OP(=O)(O)OP(=O)(O)O)O)O)N,6.00436480540245
98,CCTGGGGGAGCATTGCGGAGGAAGG,C1=NC(=C2C(=N1)N(C=N2)C3C(C(C(O3)COP(=O)(O)OP(=O)(O)OP(=O)(O)O)O)O)N,6.00436480540245
99,CCTGGGGGAGCTATTAGCGGAGGAAGG,C1=NC(=C2C(=N1)N(C=N2)C3C(C(C(O3)COP(=O)(O)OP(=O)(O)OP(=O)(O)O)O)O)N,6.00436480540245
100,CCTGGGGGAGAGATTACTGGAGGAAGG,C1=NC(=C2C(=N1)N(C=N2)C3C(C(C(O3)COP(=O)(O)OP(=O)(O)OP(=O)(O)O)O)O)N,6.00436480540245
101,CCTGGGGGAGTAGATTCTAGGAGGAAGG,C1=NC(=C2C(=N1)N(C=N2)C3C(C(C(O3)COP(=O)(O)OP(=O)(O)OP(=O)(O)O)O)O)N,3.0
102,CCTAGGGGAGTATTGCGGAGGAAGG,C1=NC(=C2C(=N1)N(C=N2)C3C(C(C(O3)COP(=O)(O)OP(=O)(O)OP(=O)(O)O)O)O)N,6.00436480540245
106,CCTGAGGGAGTATTGCGGAGGAAGG,C1=NC(=C2C(=N1)N(C=N2)C3C(C(C(O3)COP(=O)(O)OP(=O)(O)OP(=O)(O)O)O)O)N,6.00436480540245
110,CCTGGGAGAGTATTGCGGAGGAAGG,C1=NC(=C2C(=N1)N(C=N2)C3C(C(C(O3)COP(=O)(O)OP(=O)(O)OP(=O)(O)O)O)O)N,3.0
114,CCTGGGGAAGTATTGCGGAGGAAGG,C1=NC(=C2C(=N1)N(C=N2)C3C(C(C(O3)COP(=O)(O)OP(=O)(O)OP(=O)(O)O)O)O)N,3.0
118,CCTGGGGGAGTATTGCAGAGGAAGG,C1=NC(=C2C(=N1)N(C=N2)C3C(C(C(O3)COP(=O)(O)OP(=O)(O)OP(=O)(O)O)O)O)N,3.0
122,CCTGGGGGAGTATTGCGAAGGAAGG,C1=NC(=C2C(=N1)N(C=N2)C3C(C(C(O3)COP(=O)(O)OP(=O)(O)OP(=O)(O)O)O)O)N,3.0
126,CCTGGGGGAGTATTGCGGAAGAAGG,C1=NC(=C2C(=N1)N(C=N2)C3C(C(C(O3)COP(=O)(O)OP(=O)(O)OP(=O)(O)O)O)O)N,3.0
130,CCTGGGGGAGTATTGCGGAGAAAGG,C1=NC(=C2C(=N1)N(C=N2)C3C(C(C(O3)COP(=O)(O)OP(=O)(O)OP(=O)(O)O)O)O)N,3.0
134,CCTGGAGGAGTATTGCGGAGGAAGG,C1=NC(=C2C(=N1)N(C=N2)C3C(C(C(O3)COP(=O)(O)OP(=O)(O)OP(=O)(O)O)O)O)N,6.00436480540245
135,CCTGGAGGAGTATTGCGGGGGAAGG,C1=NC(=C2C(=N1)N(C=N2)C3C(C(C(O3)COP(=O)(O)OP(=O)(O)OP(=O)(O)O)O)O)N,6.00436480540245
136,CCTGGGGGAGTATTGCGGTGGAAGG,C1=NC(=C2C(=N1)N(C=N2)C3C(C(C(O3)COP(=O)(O)OP(=O)(O)OP(=O)(O)O)O)O)N,6.00436480540245
137,CCTGGGGGAGTATTGCGGGGGAAGG,C1=NC(=C2C(=N1)N(C=N2)C3C(C(C(O3)COP(=O)(O)OP(=O)(O)OP(=O)(O)O)O)O)N,6.00436480540245
138,CCTGGGGGAGTATTGCGGCGGAAGG,C1=NC(=C2C(=N1)N(C=N2)C3C(C(C(O3)COP(=O)(O)OP(=O)(O)OP(=O)(O)O)O)O)N,3.0
143,CCTGGTTGGAGTATTGCGGTTGGAAGG,C1=NC(=C2C(=N1)N(C=N2)C3C(C(C(O3)COP(=O)(O)OP(=O)(O)OP(=O)(O)O)O)O)N,3.0
144,CCTGGGGGCGTATTGCGGAGGAAGG,C1=NC(=C2C(=N1)N(C=N2)C3C(C(C(O3)COP(=O)(O)OP(=O)(O)OP(=O)(O)O)O)O)N,3.0
145,CCTGGGGGTGTATTGCGGAGGAAGG,C1=NC(=C2C(=N1)N(C=N2)C3C(C(C(O3)COP(=O)(O)OP(=O)(O)OP(=O)(O)O)O)O)N,3.0
146,CCTGGGGGGGTATTGCGGAGGAAGG,C1=NC(=C2C(=N1)N(C=N2)C3C(C(C(O3)COP(=O)(O)OP(=O)(O)OP(=O)(O)O)O)O)N,3.0
147,CCTGGGGGGTATTGCGGAGGAAGG,C1=NC(=C2C(=N1)N(C=N2)C3C(C(C(O3)COP(=O)(O)OP(=O)(O)OP(=O)(O)O)O)O)N,3.0
150,CCTGGGGGAGTATTGCGGAGGCAGG,C1=NC(=C2C(=N1)N(C=N2)C3C(C(C(O3)COP(=O)(O)OP(=O)(O)OP(=O)(O)O)O)O)N,3.0
151,CCTGGGGGAGTATTGCGGAGGGAGG,C1=NC(=C2C(=N1)N(C=N2)C3C(C(C(O3)COP(=O)(O)OP(=O)(O)OP(=O)(O)O)O)O)N,3.0
152,CCTGGGGGAGTATTGCGGAGGTAGG,C1=NC(=C2C(=N1)N(C=N2)C3C(C(C(O3)COP(=O)(O)OP(=O)(O)OP(=O)(O)O)O)O)N,3.0
153,CCTGGGGGAGTATTGCGGAGGAGG,C1=NC(=C2C(=N1)N(C=N2)C3C(C(C(O3)COP(=O)(O)OP(=O)(O)OP(=O)(O)O)O)O)N,6.00436480540245
154,CCTGGGGGAGTATTGCGGAGGTGG,C1=NC(=C2C(=N1)N(C=N2)C3C(C(C(O3)COP(=O)(O)OP(=O)(O)OP(=O)(O)O)O)O)N,3.0
155,CCTGGGGGAGTATTGCGGAGGGCG,C1=NC(=C2C(=N1)N(C=N2)C3C(C(C(O3)COP(=O)(O)OP(=O)(O)OP(=O)(O)O)O)O)N,3.0
160,CCTGGGGGGGAGTATTGCGGGAGGGAAGG,C1=NC(=C2C(=N1)N(C=N2)C3C(C(C(O3)COP(=O)(O)OP(=O)(O)OP(=O)(O)O)O)O)N,6.00436480540245
161,ATAGCGGAGGAAGGATACCTGGGGGAGTATAT,C1=NC(=C2C(=N1)N(C=N2)C3C(C(C(O3)COP(=O)(O)OP(=O)(O)OP(=O)(O)O)O)O)N,6.00436480540245
162,CCTGGAGGAGTATAT,C1=NC(=C2C(=N1)N(C=N2)C3C(C(C(O3)COP(=O)(O)OP(=O)(O)OP(=O)(O)O)O)O)N,3.0
163,ATAGCGGAGGAAGG,C1=NC(=C2C(=N1)N(C=N2)C3C(C(C(O3)COP(=O)(O)OP(=O)(O)OP(=O)(O)O)O)O)N,3.0
164,ATTATAGCGGAGGAAGGTAT,C1=NC(=C2C(=N1)N(C=N2)C3C(C(C(O3)COP(=O)(O)OP(=O)(O)OP(=O)(O)O)O)O)N,3.0
165,ATACCTGGGGGAGTATATAAT,C1=NC(=C2C(=N1)N(C=N2)C3C(C(C(O3)COP(=O)(O)OP(=O)(O)OP(=O)(O)O)O)O)N,3.0
166,CCTGGGGGAGTATTGCGGAGGAAGG,C1=NC2=C(N1C3C(C(C(O3)COP(=O)(O)OP(=O)(O)OP(=O)(O)O)O)O)N=C(NC2=O)N,3.0
167,CCTGGGGGAGTATTGCGGAGGAAGG,C1=CN(C(=O)N=C1N)C2C(C(C(O2)COP(=O)(O)OP(=O)(O)OP(=O)(O)O)O)O ,3.0
168,CCTGGGGGAGTATTGCGGAGGAAGG,C1=CN(C(=O)NC1=O)C2C(C(C(O2)COP(=O)(O)OP(=O)(O)OP(=O)(O)O)O)O ,3.0
169,CCTGGGGGAGTATTGCGGAGGAAGG,C1=NC(=C2C(=N1)N(C=N2)C3C(C(C(O3)CO)OP(=O)(O)O)O)N ,3.0
170,CCTGGGGGAGTATTGCGGAGGAAGG,NC1=C2C(N(C=N2)[C@@H]3[C@@H]([C@@H]([C@H](O3)CO)O)O)=NC=N1,3.0
171,CCTGGGGGAGTATTGCGGAGGAAGG,C1=NC(=C2C(=N1)N(C(=N2)Br)C3C(C(C(O3)CO)O)O)N,6.00436480540245
172,CCTGGGGGAGTATTGCGGAGGAAGG,C1=NC(=C2C(=N1)N(C(=N2)N=[N+]=[N-])C3C(C(C(O3)CO)O)O)N ,6.00436480540245
173,CCTGGGGGAGTATTGCGGAGGAAGG,C1=CN(C2=NC=NC(=C21)N)C3C(C(C(O3)CO)O)O ,3.0
174,CCTGGGGGAGTATTGCGGAGGAAGG,CC1C(CC(O1)N2C=NC3=C(N=CN=C32)N)O,6.00436480540245
175,CCTGGGGGAGTATTGCGGAGGAAGG,C1=NC(=C2C(=N1)N(C=N2)C3C(C(C(O3)CO)O)O)N,4.221848749616356
176,CCTGGGGGAGTATTGCGGAGGAAGG,C1C(OC(C1O)N2C=NC3=C(N=CN=C32)N)CO,6.00436480540245
177,CCTGGGGGAGTATTGCGGAGGAAGG,C1CC(OC1CO)N2C=NC3=C(N=CN=C32)N,6.00436480540245
178,CCTGGGGGAGTATTGCGGAGGAAGG,C1C2C(C(C(O2)N3C=NC4=C(N=CN=C43)N)O)OP(=O)(O1)O,6.00436480540245
179,CCTGGGGGAGTATTGCGGAGGAAGG,C1=NC(=C2C(=N1)N(C=N2)C3C4C(C(O3)CO)OP(=O)(O4)O)N ,3.0
180,CCTGGGGGAGTATTGCGGAGGAAGG,C1=NC(=C2C(=N1)N(C=N2)C3C(C(C(O3)CO)O)OP(=O)(O)O)N ,3.0
181,CCTGGGGGAGTATTGCGGAGGAAGG,COC1C(C(OC1N2C=NC3=C(N=CN=C32)N)CO)O,6.00436480540245
182,CCTGGGGGAGTATTGCGGAGGAAGG,CN1C=NC(=N)C2=C1N=CN2 ,6.00436480540245
183,CCTGGGGGAGTATTGCGGAGGAAGG,COC1C(OC(C1O)N2C=NC3=C(N=CN=C32)N)CO,6.00436480540245
184,CCTGGGGGAGTATTGCGGAGGAAGG,C1=NC2=NC=NC(=C2N1)N,6.00436480540245
185,CCTGGGGGAGTATTGCGGAGGAAGG,CC1=NC(=C2C(=N1)N=CN2)N ,6.00436480540245
186,CCTGGGGGAGTATTGCGGAGGAAGG,CN1C=NC2=C(C1=N)N=CN2C3C(C(C(O3)CO)O)O ,3.0
187,CCTGGGGGAGTATTGCGGAGGAAGG,C1C(C(OC1N2C=NC3=C(N=CN=C32)N)COP(=O)(O)OP(=O)(O)OP(=O)(O)O)O ,6.00436480540245
188,CCTGGGGGAGTATTGCGGAGGAAGG,C(C(C(C(C=O)O)O)O)O,6.00436480540245
189,CCTGGGGGAGTATTGCGGAGGAAGG,CNC1=C2C(=NC=N1)N(C=N2)C3C(C(C(O3)CO)O)O,3.0
190,CCTGGGGGAGTATTGCGGAGGAAGG,C1=C2C(=NC(=N1)N)N(C=N2)C3C(C(C(O3)CO)O)O,3.0
191,CCTGGGGGAGTATTGCGGAGGAAGG,C1=C2C(=NC=N1)N(C=N2)C3C(C(C(O3)CO)O)O,3.0
192,CCTGGGGGAGTATTGCGGAGGAAGG,C1=NC2=C(C(=O)N1)N=CN2C3C(C(C(O3)CO)O)O,3.0
193,TGTACCGTCTGAGCGATTCGTACGAACGGCTTTGTACTGTTTGCACTGGCGGATTTAGCCAGTCAGTGTTAAGGAGTGC,CCNC1=NC(=NC(=N1)Cl)NC(C)C,8.207608310501746
194,TGTACCGTCTGAGCGATTCGTACCATTAGTGGGTGCTCCTTACCTGATGGTCATCTAGCCAGTCAGTGTTAAGGAGTGC,CCNC1=NC(=NC(=N1)Cl)NC(C)C,7.292429823902063
195,TGTACCGTCTGAGCGATTCGTACGGATTGGGTTTGCACTTTACCTGCGGTGCATCGCAGCCAGTCAGTGTTAAGGAGTGC,CCNC1=NC(=NC(=N1)Cl)NC(C)C,6.6823544567788415
196,TGAGGCGGGTGGGTGGGTTGAATACGCTGATTACCCCATCGTAGAACGTTAAGGCGCTTC,C(CO)N,6.00436480540245
197,TGAGGCGGGTGGGTGGGTTGAATACGCTGATTACCCCACCGGAGAACGTTAAGGCGCTTC,C(CO)N,6.00436480540245
198,TGAGGCGGGTGGGTGGGTTGAATACGCTGATTACCCCATCGTATAACGTTAAGGCGCTTC,C(CO)N,6.00436480540245
199,GGAGGCGGGTGGGTGGGTTGAATACGCTGATTACCCCAACGGAGAACGTTAAGGCGCTTC,C(CO)N,6.00436480540245
200,TGAGGCGGGTGGGTGGGTTGAATACGCTGATCACCCCATCGGAGAACGTTAAGGCGCTTC,C(CO)N,6.00436480540245
201,TGAGGCGGGTGGGTGGGTTGAATACGCTCATTACCCCATCGGAGAACGTTAAGGCGCTTC,C(CO)N,6.00436480540245
202,AGTGGCGGGTGGGTGGGTTGAATACGCTGATTACCCCATCGTAGAACGTTAAGGCGCTTC,C(CO)N,6.00436480540245
203,CGAGGCGGGTGGGTGGGTTGAATACGCTGATTACCCCATCGGAGAACGCTAAGGCGCTTC,C(CO)N,6.00436480540245
204,GGAGGCGGGTGGGTGGGTTGAATACGCTGATTACCCCACCGGAGAACGTTAAGGCGCTAC,C(CO)N,6.00436480540245
206,GCTGCGAGGTGGGTGGGTGGGAGCAATTGGTCTTCGCTTAGCTTCTACGGTGGGCTATCT,C(CO)N,6.00436480540245
207,GCTGCGAGGTGGGTGGGTGGGAGCAATTGGTTCTCGCTTAGCTTCTACGGTGGGCTATCT,C(CO)N,6.00436480540245
208,GCTGCGAGGTGGGTGGGTGGGAGCAATTGATCTTCGCTTAGCTTCTACGGTGGGCTATCT,C(CO)N,6.00436480540245
209,CCGAGTTTGGGTGGGAGTGGTGGGTTCGGAATTGTTAGTTATTTGGGTTTATGCGAGGTG,C(CO)N,6.00436480540245
210,TGAGGCGGGTGGGTGGGTTGAATATGCTGATTACCCCATCGGAGAACGTTAAGGCGCTTC,C(CO)N,7.221848749616356
211,TGAGGCGGGTGGGTGGGTTGAATACGCTGATCACCCCATCGGAGAACGTTAAGGCGCTTT,C(CO)N,7.045757490560675
212,GCTGCGAGGTGGGTGGGTGGGAGCAATTGGTCCTCGCTTAGCTTCTACGGTGGGCTATCT,C(CO)N,6.769551078621726
213,GCTGTGAGGTGGGTGGGTGGGAGCAATTGGTCCTCGCTTAGCTTCTACGGTGGGCTATCT,C(CO)N,6.823908740944319
214,GCTGCGAGGTGGGTGGGTGGGAGCAATTGATCCTCGCTTAGCTTCTACGGTGGGCTATCT,C(CO)N,7.0
215,GCTGCGAGGTGGGTGGGTGGGAGCAATTGGTCCTTGCTTAGCTTCTACGGTGGGCTATCT,C(CO)N,6.721246399047171
216,GTAGTGTTATGATTCGGTCTGGGGATAATTAGTAGCTAGT,C[C@H]1[C@@]([C@H]([C@@H](O1)O[C@@H]2[C@H]([C@@H]([C@H]([C@@H]([C@H]2O)O)N=C(N)N)O)N=C(N)N)O[C@H]3[C@H]([C@@H]([C@H]([C@@H](O3)CO)O)O)NC)(C=O)O,6.00436480540245
217,GAATTATCAATCGTTGCAAGCTTACTTTTTCTAGCCTTATCA,C[C@H]1[C@@]([C@H]([C@@H](O1)O[C@@H]2[C@H]([C@@H]([C@H]([C@@H]([C@H]2O)O)N=C(N)N)O)N=C(N)N)O[C@H]3[C@H]([C@@H]([C@H]([C@@H](O3)CO)O)O)NC)(C=O)O,6.00436480540245
218,TAGATGGATCCATGGAGTTCACTCACATTTTTTTTGCTGG,C[C@H]1[C@@]([C@H]([C@@H](O1)O[C@@H]2[C@H]([C@@H]([C@H]([C@@H]([C@H]2O)O)N=C(N)N)O)N=C(N)N)O[C@H]3[C@H]([C@@H]([C@H]([C@@H](O3)CO)O)O)NC)(C=O)O,6.00436480540245
219,TGATCGTTGCGGCGCAGATGCCTTCGTCGGTTTAGGGGTT,C[C@H]1[C@@]([C@H]([C@@H](O1)O[C@@H]2[C@H]([C@@H]([C@H]([C@@H]([C@H]2O)O)N=C(N)N)O)N=C(N)N)O[C@H]3[C@H]([C@@H]([C@H]([C@@H](O3)CO)O)O)NC)(C=O)O,6.00436480540245
220,TGTCTTGTGATTTTAAATCTGCTTACATAGTTGCTATGGG,C[C@H]1[C@@]([C@H]([C@@H](O1)O[C@@H]2[C@H]([C@@H]([C@H]([C@@H]([C@H]2O)O)N=C(N)N)O)N=C(N)N)O[C@H]3[C@H]([C@@H]([C@H]([C@@H](O3)CO)O)O)NC)(C=O)O,6.00436480540245
221,GTTCTGAACATTCACTTGTGTTGTAATTCCTTAGGGCTAC,C[C@H]1[C@@]([C@H]([C@@H](O1)O[C@@H]2[C@H]([C@@H]([C@H]([C@@H]([C@H]2O)O)N=C(N)N)O)N=C(N)N)O[C@H]3[C@H]([C@@H]([C@H]([C@@H](O3)CO)O)O)NC)(C=O)O,6.00436480540245
222,CTCCCTTGTACCCGCCCAACTGCTATTCTTTATTGGTGCA,C[C@H]1[C@@]([C@H]([C@@H](O1)O[C@@H]2[C@H]([C@@H]([C@H]([C@@H]([C@H]2O)O)N=C(N)N)O)N=C(N)N)O[C@H]3[C@H]([C@@H]([C@H]([C@@H](O3)CO)O)O)NC)(C=O)O,6.00436480540245
223,ATGCCATAGTCTTTGCTACAAAAGTGGTGCGCTTATTTGT,C[C@H]1[C@@]([C@H]([C@@H](O1)O[C@@H]2[C@H]([C@@H]([C@H]([C@@H]([C@H]2O)O)N=C(N)N)O)N=C(N)N)O[C@H]3[C@H]([C@@H]([C@H]([C@@H](O3)CO)O)O)NC)(C=O)O,6.00436480540245
224,CTAGTACTTTATCCTAATTGTAGGTCCTCTGTTAGTATTT,C[C@H]1[C@@]([C@H]([C@@H](O1)O[C@@H]2[C@H]([C@@H]([C@H]([C@@H]([C@H]2O)O)N=C(N)N)O)N=C(N)N)O[C@H]3[C@H]([C@@H]([C@H]([C@@H](O3)CO)O)O)NC)(C=O)O,6.00436480540245
225,GCGTTCTTTTAGTTTGTTTGGCTTTTGTGTATTGGGCTT,C[C@H]1[C@@]([C@H]([C@@H](O1)O[C@@H]2[C@H]([C@@H]([C@H]([C@@H]([C@H]2O)O)N=C(N)N)O)N=C(N)N)O[C@H]3[C@H]([C@@H]([C@H]([C@@H](O3)CO)O)O)NC)(C=O)O,6.00436480540245
226,GTGCGTTATAAACTAGTTTTGATTCAATGTTGGGTGTGGG,C[C@H]1[C@@]([C@H]([C@@H](O1)O[C@@H]2[C@H]([C@@H]([C@H]([C@@H]([C@H]2O)O)N=C(N)N)O)N=C(N)N)O[C@H]3[C@H]([C@@H]([C@H]([C@@H](O3)CO)O)O)NC)(C=O)O,7.0675262353228465
227,GGGCCTGTTTTGCCTTCACGTTCTCTTCCTTGCCTGTCTG,C[C@H]1[C@@]([C@H]([C@@H](O1)O[C@@H]2[C@H]([C@@H]([C@H]([C@@H]([C@H]2O)O)N=C(N)N)O)N=C(N)N)O[C@H]3[C@H]([C@@H]([C@H]([C@@H](O3)CO)O)O)NC)(C=O)O,6.881404634776238
228,CCCGTTTAAAGTAGTTGAGAGTATTCCGTTTCTTTGTGTC,C[C@H]1[C@@]([C@H]([C@@H](O1)O[C@@H]2[C@H]([C@@H]([C@H]([C@@H]([C@H]2O)O)N=C(N)N)O)N=C(N)N)O[C@H]3[C@H]([C@@H]([C@H]([C@@H](O3)CO)O)O)NC)(C=O)O,7.2168113089247425
230,GGCGATACCAGCCGAAAGGCCCTTGGCAGCGTC,CN1C2=C(C(=O)N(C1=O)C)NC=N2,7.87942606879415
232,AGCGGGGCCAGCCACTTCTGTCAGTGAATTCCTGCTCGTATATCTACTCGCCCGCCTGGGG,CC(=O)NC1C(CC(OC1C(C(CO)O)O)(C(=O)O)OC2C(C(OC(C2O)OC(C(CO)O)C(C(C=O)O)O)CO)O)O,4.309803919971486
236,ATACCAGCTTATTCAATTTGAGGCGGGTGGGTGGGTTGAATACGCTGATTACCCCATCGGAGAACGTTAAGGCGCTTCAGATAGTAAGTGCAATCT,NCCO,7.221848749616356
237,GTGGGTCATTGTGGGTGGGTGTGG,CC1=C(C2=CC3=C(C(=C([N-]3)C=C4C(=C(C(=N4)C=C5C(=C(C(=N5)C=C1[N-]2)C)C=C)C)C=C)C)CCC(=O)O)CCC(=O)O.[Cl-].[Fe+3],7.154901959985743
238,GTGGGTAGGGCGGGTTGG,CC1=C(C2=CC3=C(C(=C([N-]3)C=C4C(=C(C(=N4)C=C5C(=C(C(=N5)C=C1[N-]2)C)C=C)C)C=C)C)CCC(=O)O)CCC(=O)O.[Cl-].[Fe+3],6.00436480540245
239,TTGCCTAACCGTGAAGGTAAAACGATTTAGTCAAACGTGGGAGGGCGGTGGTGTTGACTGATCGATTTTATTCCA,CCC1=C(C2=CC3=NC(=CC4=NC(=CC5=C(C(=C(N5C)C=C1N2)C)CC)C(=C4CCC(=O)O)C)C(=C3C)CCC(=O)O)C,5.301029995663981
240,TTGCCTAACCGTGAAGGTAAAACGATTTAGTCAAACGTGGGAGGGCGGTGGTGTTGACTGATCGATTTTATTCCA,CCC1=C(C2=CC3=C(C(=C(N3)C=C4C(=C(C(=N4)C=C5C(=C(C(=N5)C=C1N2)C)CCC(=O)O)CCC(=O)O)C)C)CC)C,4.823908740944319
241,TTGCCTAACCGTGAAGGTAAAACGATTTAGTCAAACGTGGGAGGGCGGTGGTGTTGACTGATCGATTTTATTCCA,CCC1=C(C2=CC3=C(C(=C([N-]3)C=C4C(=C(C(=N4)C=C5C(=C(C(=N5)C=C1[N-]2)C)CCC(=O)O)CCC(=O)O)C)C)CC)C.O.[Fe+3],4.552841968657781
242,TTGCCTAACCGTGAAGGTAAAACGATTTAGTCAAACGTGGGAGGGCGGTGGTGTTGACTGATCGATTTTATTCCA,CC1=C(C2=CC3=C(C(=C([N-]3)C=C4C(=C(C(=N4)C=C5C(=C(C(=N5)C=C1[N-]2)C)C=C)C)C=C)C)CCC(=O)O)CCC(=O)O.[Cl-].[Fe+3],4.853871964321762
243,TTGCCTAACCGTGAAGGTAAAACGATTTAGTCAAACGTGGGAGGGCGGTGGTGTTGACTGATCGATTTTATTCCA,CCC1=C(C2=CC3=C(C(=C([N-]3)C=C4C(=C(C(=N4)C=C5C(=C(C(=N5)C=C1[N-]2)C)CCC(=O)O)CCC(=O)O)C)C)CC)C.[Ni+2],4.769551078621726
244,TTGCCTAACCGTGAAGGTAAAACGATTTAGTCAAACGTGGGAGGGCGGTGGTGTTGACTGATCGATTTTATTCCA,CCC1=C(C2=CC3=C(C(=C([N-]3)C=C4C(=C(C(=N4)C=C5C(=C(C(=N5)C=C1[N-]2)C)CCC(=O)O)CCC(=O)O)C)C)CC)C.[Zn+2],4.7447274948966935
245,AACGTGGGAGGGCGGTGGTGTTGAA,CCC1=C(C2=CC3=NC(=CC4=NC(=CC5=C(C(=C(N5C)C=C1N2)C)CC)C(=C4CCC(=O)O)C)C(=C3C)CCC(=O)O)C,5.1249387366083
246,AACGTGGGAGGGCGGTGGTGTTGAA,CCC1=C(C2=CC3=C(C(=C(N3)C=C4C(=C(C(=N4)C=C5C(=C(C(=N5)C=C1N2)C)CCC(=O)O)CCC(=O)O)C)C)CC)C,4.481486060122112
247,AACGTGGGAGGGCGGTGGTGTTGAA,CCC1=C(C2=CC3=C(C(=C([N-]3)C=C4C(=C(C(=N4)C=C5C(=C(C(=N5)C=C1[N-]2)C)CCC(=O)O)CCC(=O)O)C)C)CC)C.O.[Fe+3],4.628932137728263
248,AACGTGGGAGGGCGGTGGTGTTGAA,CC1=C(C2=CC3=C(C(=C([N-]3)C=C4C(=C(C(=N4)C=C5C(=C(C(=N5)C=C1[N-]2)C)C=C)C)C=C)C)CCC(=O)O)CCC(=O)O.[Cl-].[Fe+3],4.769551078621726
249,AACGTGGGAGGGCGGTGGTGTTGAA,CCC1=C(C2=CC3=C(C(=C([N-]3)C=C4C(=C(C(=N4)C=C5C(=C(C(=N5)C=C1[N-]2)C)CCC(=O)O)CCC(=O)O)C)C)CC)C.[Ni+2],4.443697499232712
250,AACGTGGGAGGGCGGTGGTGTTGAA,CCC1=C(C2=CC3=C(C(=C([N-]3)C=C4C(=C(C(=N4)C=C5C(=C(C(=N5)C=C1[N-]2)C)CCC(=O)O)CCC(=O)O)C)C)CC)C.[Zn+2],4.309803919971486
251,AGGGTTGATCAACTAGGGTAGTCGGGAGGTGGTGGGGCTTGTTTGTGTCAGCCTGCAGTGGACAACTCTTAATCTG,CCC1=C(C2=CC3=NC(=CC4=NC(=CC5=C(C(=C(N5C)C=C1N2)C)CC)C(=C4CCC(=O)O)C)C(=C3C)CCC(=O)O)C,6.00436480540245
252,AGGTGTTATCATTCATTTCACTGAAGGAGGCGGAGGTTGGTTCAGGTGCTTTCAGGGAAATTCCGCGGTGCTTA,CCC1=C(C2=CC3=NC(=CC4=NC(=CC5=C(C(=C(N5C)C=C1N2)C)CC)C(=C4CCC(=O)O)C)C(=C3C)CCC(=O)O)C,6.00436480540245
253,GTGTCGAAGATCGTGGGTCATTGTGGGTGGGTGTGGCTGGTCCGATCCGCGATCTGCTGACGCTGGTTAGGT,CCC1=C(C2=CC3=NC(=CC4=NC(=CC5=C(C(=C(N5C)C=C1N2)C)CC)C(=C4CCC(=O)O)C)C(=C3C)CCC(=O)O)C,6.00436480540245
254,ATCTGGCTATGTTAGTCTTATCACCATGACCGGATGCCCCAAAAGGTGGGTGGGTGGCGGTAGAATTTTGGTGTGT,CCC1=C(C2=CC3=NC(=CC4=NC(=CC5=C(C(=C(N5C)C=C1N2)C)CC)C(=C4CCC(=O)O)C)C(=C3C)CCC(=O)O)C,6.00436480540245
255,GAGCCTCTGATCAATTAAACATTGTGTTACTGGTGGGTTTATGCAGGTGGGTGGGAACCAGGAACACTATGTCCA,CCC1=C(C2=CC3=NC(=CC4=NC(=CC5=C(C(=C(N5C)C=C1N2)C)CC)C(=C4CCC(=O)O)C)C(=C3C)CCC(=O)O)C,6.00436480540245
256,ATAGGTTTTGCTGGGGTACGGAGGTGGGCGGATGGTAGTGGTGCCTGGCCCAGGAAAAATTAGGGGCGATGTCCA,CCC1=C(C2=CC3=NC(=CC4=NC(=CC5=C(C(=C(N5C)C=C1N2)C)CC)C(=C4CCC(=O)O)C)C(=C3C)CCC(=O)O)C,6.00436480540245
257,ATCTATGCTTATTGGCCAAGAGTCGAATAAGGTGATTCGGGTAGGGCGGGCGGTTCAATTATTCGACCTCGCTTTT,CCC1=C(C2=CC3=NC(=CC4=NC(=CC5=C(C(=C(N5C)C=C1N2)C)CC)C(=C4CCC(=O)O)C)C(=C3C)CCC(=O)O)C,6.00436480540245
258,AATTGTGCACAGCAGGACCGAATTTTTGACTCGGTGGGGCCATGGCGGGTGGGGCGGAGAAATTTGGTCTAAGC,CCC1=C(C2=CC3=NC(=CC4=NC(=CC5=C(C(=C(N5C)C=C1N2)C)CC)C(=C4CCC(=O)O)C)C(=C3C)CCC(=O)O)C,6.00436480540245
259,GATAAAGTTGTCGGATGGATGCGGGTTGGGCTGATATGAGAACTTTCAAGGGACAGACCTCAGGATTCTAAATCG,CCC1=C(C2=CC3=NC(=CC4=NC(=CC5=C(C(=C(N5C)C=C1N2)C)CC)C(=C4CCC(=O)O)C)C(=C3C)CCC(=O)O)C,6.00436480540245
260,CATCATGAGTTTGGGGAAGGGTCGGTGGGTGCAAAAGTGGAATCCGCGATTGATGGGGACTCGTCATCCCTAGGGA,CCC1=C(C2=CC3=NC(=CC4=NC(=CC5=C(C(=C(N5C)C=C1N2)C)CC)C(=C4CCC(=O)O)C)C(=C3C)CCC(=O)O)C,6.00436480540245
261,CTTGGTCATTAGGCGAAGTACCGGGGAGCGAACTACGGGCGGTGGGTACGGGAAAGATTGTTCTGTAGTGATGGTC,CCC1=C(C2=CC3=NC(=CC4=NC(=CC5=C(C(=C(N5C)C=C1N2)C)CC)C(=C4CCC(=O)O)C)C(=C3C)CCC(=O)O)C,6.00436480540245
262,ATTTCGAGAGAGTACGGGTTGGGTTTGGGCAGGATAACAGTTTGGTGCTCTCTGGATTATGCCGATGCCGGCC,CCC1=C(C2=CC3=NC(=CC4=NC(=CC5=C(C(=C(N5C)C=C1N2)C)CC)C(=C4CCC(=O)O)C)C(=C3C)CCC(=O)O)C,6.00436480540245
263,TGATTGAACACAATTCTGCAGACTCTGAGCAAGGGTATGGGGTTTTTGACGGGTGTGGTCGGCGGTAACCTACATC,CCC1=C(C2=CC3=NC(=CC4=NC(=CC5=C(C(=C(N5C)C=C1N2)C)CC)C(=C4CCC(=O)O)C)C(=C3C)CCC(=O)O)C,6.00436480540245
264,TAGATTTGTACCCGGGTTGGCGGGTGGTCTGTAAGGGGTACAAAATCATGTGGGTAGTCTTTCTGCTTTGCCTGCAA,CCC1=C(C2=CC3=NC(=CC4=NC(=CC5=C(C(=C(N5C)C=C1N2)C)CC)C(=C4CCC(=O)O)C)C(=C3C)CCC(=O)O)C,6.00436480540245
265,ATTTCGAGGGAGTACGGGTTGGGTTTGGGCAGGATAATAGTTTGGTGCTCTCTTGAAGTATGCCGATGCCGGCT,CCC1=C(C2=CC3=NC(=CC4=NC(=CC5=C(C(=C(N5C)C=C1N2)C)CC)C(=C4CCC(=O)O)C)C(=C3C)CCC(=O)O)C,6.00436480540245
266,ATTACAACATAGTCAGGTTATAGGGCGGGAGGGTGGTACAACTGGCATTGTAAATAGACGGATGCATGTTGACTC,CCC1=C(C2=CC3=NC(=CC4=NC(=CC5=C(C(=C(N5C)C=C1N2)C)CC)C(=C4CCC(=O)O)C)C(=C3C)CCC(=O)O)C,6.00436480540245
267,TAATCCTATGGTTTTTGCGACTCGGCAATTCGTAAGTGGGAGGGTGGTGGAGATACGTATGCTAGGTCACGGGTA,CCC1=C(C2=CC3=NC(=CC4=NC(=CC5=C(C(=C(N5C)C=C1N2)C)CC)C(=C4CCC(=O)O)C)C(=C3C)CCC(=O)O)C,6.00436480540245
268,ATTTCGAGAGAGTACGGGTAGGGTTTGGGCAGGATAATAGTTTGGGTCTCTCTGGAAGTATGCCGATGCCGCA,CCC1=C(C2=CC3=NC(=CC4=NC(=CC5=C(C(=C(N5C)C=C1N2)C)CC)C(=C4CCC(=O)O)C)C(=C3C)CCC(=O)O)C,6.00436480540245
269,GATTAGCGGGTTAGTGGCATTCGCTGCTGAGGGGTGGGAGGTTGGATAAATTGCGAATCCCATTAAAAGATCC,CCC1=C(C2=CC3=NC(=CC4=NC(=CC5=C(C(=C(N5C)C=C1N2)C)CC)C(=C4CCC(=O)O)C)C(=C3C)CCC(=O)O)C,6.00436480540245
270,AGGATCGAGAACAATGACCATGAATGGAAACATAGAGGTGGGTGGTTTTTAGTGGGTTGCATTTATGTTTACATAC,CCC1=C(C2=CC3=NC(=CC4=NC(=CC5=C(C(=C(N5C)C=C1N2)C)CC)C(=C4CCC(=O)O)C)C(=C3C)CCC(=O)O)C,6.00436480540245
271,GGTCCATTCGGCTATCCAGACGGGAGGGTGGGTGGATTGGACACTTATGAATGGACCCTGCCCCCTTTCATGTGC,CCC1=C(C2=CC3=NC(=CC4=NC(=CC5=C(C(=C(N5C)C=C1N2)C)CC)C(=C4CCC(=O)O)C)C(=C3C)CCC(=O)O)C,6.00436480540245
272,ATCATTAGGTAACTCGACGGGGTTGGGTCCGGGCGGTAGGTTGAGTTTCCATAAAATCCGGTGACGATTATTATGA,CCC1=C(C2=CC3=NC(=CC4=NC(=CC5=C(C(=C(N5C)C=C1N2)C)CC)C(=C4CCC(=O)O)C)C(=C3C)CCC(=O)O)C,6.00436480540245
273,ATAGGTTTTGCTGGGGTACGGAGGTGGTCGGATGGTAGAGGTGCCTGGCCCAGGAAAAATTAGGGGCGATGTCCA,CCC1=C(C2=CC3=NC(=CC4=NC(=CC5=C(C(=C(N5C)C=C1N2)C)CC)C(=C4CCC(=O)O)C)C(=C3C)CCC(=O)O)C,6.00436480540245
299,CACCAGTCAGACAGCACGGTGACTGGAGTGACGTCGGTACCTGAGATCGAGTGACGTCGGTACCTG,CC1([C@@H](N2[C@H](S1)[C@@H](C2=O)NC(=O)CC3=CC=CC=C3)C(=O)[O-])C,5.97819072297766
300,CACCAGTCAGACAGCACGTGGAGTGGTGACGTCTGAGATCGACGTCACGAGTGACGTCGGTACCTG,CC1([C@@H](N2[C@H](S1)[C@@H](C2=O)NC(=O)CC3=CC=CC=C3)C(=O)[O-])C,5.672028376376989
301,CACCAGTCAGACAGCACGGTGCGCGGTGCCTCTTCTTGAGCGGGGTCTGAGTGACGTCGGTACCTG,CC1([C@@H](N2[C@H](S1)[C@@H](C2=O)NC(=O)CC3=CC=CC=C3)C(=O)[O-])C,5.299815670377802
302,ACTTCAGTGAGTTGTCCCACGGTCGGCGAGTCGGTGGTAG,OCC(NC(=O)C(Cl)Cl)C(O)c1ccc(cc1)[N+]([O-])=O,5.115771230367396
303,ACTGAGGGCACGGACAGGAGGGGGAGAGATGGCGTGAGGT,OCC(NC(=O)C(Cl)Cl)C(O)c1ccc(cc1)[N+]([O-])=O,4.935542010773082
304,ATGCGGGTATATGGTGCGAGAAAACAAGGGGCATACTGGA,OCC(NC(=O)C(Cl)Cl)C(O)c1ccc(cc1)[N+]([O-])=O,4.657577319177793
305,AGGAATTCACGTCTCACTGGATTCACGCACGCCAAGGACTGCACTTAAGGTTAGATAGCCCCATGCAGTGAGTCAGGATATCG,CCC3OC(=O)C(C)C(OC1CC(C)(OC)C(O)C(C)O1)C(C)C(OC2OC(C)CC(C2O)N(C)C)C(C)(O)CC(C)C(=O)C(C)C(O)C3(C)O,6.698970004336019
307,ACGGTTGCAAGTGGGACTCTGGTAGGCTGGGTTAATTTGG,CNC(C)Cc1ccccc1,6.0
310,TAGGGAATTCGTCGACGGATCCCTGCAGTTTGGTAGGGTGCGAGCAACATCAGGCACCTGCAGGTCGACGCATGCGCCG,CC1=NC=C(N1CCO)[N+](=O)[O-],6.1091879010448755
311,CTGTTTGGTAGGCAG,CC1=NC=C(N1CCO)[N+](=O)[O-],6.1122702027119695
313,CACGGCATGGTGGGCGTCGTG,CC3(C)SC2C(NC(=O)C(N)c1ccccc1)C(=O)N2C3C(O)=O,7.026872146400302
314,GCGGGCGGTTGTATAGCGG,CC3(C)SC2C(NC(=O)C(N)c1ccccc1)C(=O)N2C3C(O)=O,6.872895201635193
315,TTAGTTGGGGTTCAGTTGG,CC3(C)SC2C(NC(=O)C(N)c1ccccc1)C(=O)N2C3C(O)=O,7.008773924307505
317,CACACACGCAGCAAGGTCGTCGATACAAAACGTATCGACCCGTCACAGACTGCCCCGGGT,CC(=O)[C@H]1CC[C@@H]2[C@@]1(CC[C@H]3[C@H]2CCC4=CC(=O)CC[C@]34C)C,7.016373712875465
318,CACGCACACAACAGCCAATAATGTATAACGCTGTCCACTGTGTGGTGTCCCCCGCGTCG,CC(=O)[C@H]1CC[C@@H]2[C@@]1(CC[C@H]3[C@H]2CCC4=CC(=O)CC[C@]34C)C,6.542723813938674
319,GCATCACACACCGATACTCACCCGCCTGATTAACATTAGCCCACCGCCCACCCCCGCTGC,CC(=O)[C@H]1CC[C@@H]2[C@@]1(CC[C@H]3[C@H]2CCC4=CC(=O)CC[C@]34C)C,6.453087356818758
320,GGCACGGCAAAGGGGTACAGCCTACCGAACCGTGGCTGTAAGGGTGGTTGTGGTGTG,CC(=O)[C@H]1CC[C@@H]2[C@@]1(CC[C@H]3[C@H]2CCC4=CC(=O)CC[C@]34C)C,5.875169850586141
321,CAACGATCGTACCACAGTACCCACCCACCAGCCCCAACATCATGCCCATGCGTCGGTGTG,CC(=O)[C@H]1CC[C@@H]2[C@@]1(CC[C@H]3[C@H]2CCC4=CC(=O)CC[C@]34C)C,6.8198741248359465
323,GACGACGATTGTGGTCTATTCATAGGCGTCCGCTGAGTCGTC,Cn1c(=O)c2[nH]cnc2n(C)c1=O,5.292429823902063
324,GACGACGATTGTGGTCTATTCATAGGCGTCCGCTGAGTCGTC,Nc1ncnc2c1ncn2[C@@H]1O[C@H](CO)[C@@H](O)[C@H]1O,3.709965388637482
327,GACGACGCAGAAGGTGTCCATGGTTTATGGTCTATCGTCGTC,Nc1ncnc2c1ncn2[C@@H]1O[C@H](CO)[C@@H](O)[C@H]1O,3.696803942579511
328,GACGACACTCCCTTGCGGATGCTCTGCACTTTAGCTGTCGTC,Cn1c(=O)c2[nH]cnc2n(C)c1=O,4.050609993355087
329,GACGACTGCGGTGAGATAGTAAACTAGAGGGCCCCGGTCGTC,Cn1c(=O)c2[nH]cnc2n(C)c1=O,4.522878745280337
330,GACGACGATTGTGGTCTATTCATAGGCGTCCGCTGAGTCGTC,Cn1c(=O)c2[nH]cnc2n(C)c1=O,5.207608310501746
331,GACGACGATTGTGGTCTATTCATAGGCGTCCGCTGAGTCGTC,Nc1ncnc2c1ncn2[C@@H]1O[C@H](CO)[C@@H](O)[C@H]1O,3.838631997765025
411,GTTGGGCACGTGTTGTCTCTCTGTGTCTCGTGCCCTTCGCTAGGCCCACA,CC(=O)Nc1ccc(cc1)S(=O)(=O)N,6.00436480540245
412,GTTGGGCACGTGTTGTCTCTCTGTGTCTCGTGCCCTTCGCTAGGCCCACA,CC(=O)Nc1ccc(cc1)S(=O)(=O)N,6.00436480540245
415,GTCTCTGTGTGCGCCAGAGAACACTGGGGCAGATATGGGCCAGCACAGAATGAGGCCC,C1=CC(=C(C=C1CCN)O)O,6.00436480540245
416,CGACTGGTAGGCAGATAGGGGAAGCTGATTCGATGCGTGGGTCG,C1=CC2=C(C=C1O)C(=CN2)CCN,6.00436480540245
417,GGCGATATGTTGGGCGGGCG,CC1(C)S[C@@H]2[C@H](NC(=O)[C@H](N)c3ccccc3)C(=O)N2[C@H]1C(=O)O,6.872895201635193
418,CACGGCATGGTGGGCGTCGTG,CC1(C)S[C@@H]2[C@H](NC(=O)[C@H](N)c3ccccc3)C(=O)N2[C@H]1C(=O)O,7.026872146400302
419,GCGGGCGGTTGTATAGCGG,CC1(C)S[C@@H]2[C@H](NC(=O)[C@H](N)c3ccccc3)C(=O)N2[C@H]1C(=O)O,6.872895201635193
420,TTAGTTGGGGTTCAGTTGG,CC1(C)S[C@@H]2[C@H](NC(=O)[C@H](N)c3ccccc3)C(=O)N2[C@H]1C(=O)O,7.008773924307505
421,GCTGTGTGACTCCTGCAACGTTCGTTACCTTGATTAGTCCGTGCAGTGCATATAACGCGGTGCAGCTGTATCTTGTCTCC,CS(=O)(=O)c1ccc([C@@H](O)[C@@H](CF)NC(=O)C(Cl)Cl)cc1,5.119357873595715
422,GCTGTGTGACTCCTGCAAGACCCATTTGTATGACAGTTTTACCGCGCCGTGAATTATCGTTGCAGCTGTATCTTGTCTCC,CS(=O)(=O)c1ccc([C@@H](O)[C@@H](CF)NC(=O)C(Cl)Cl)cc1,5.674895017028592
423,GCTGTGTGACTCCTGCAAGCCGGGAACATGCCGCGTGCATAAGCAGCCCCTTCACCCTGCAGCAGCTGTATCTTGTCTCC,CS(=O)(=O)c1ccc([C@@H](O)[C@@H](CF)NC(=O)C(Cl)Cl)cc1,6.015427684378368
424,GCTGTGTGACTCCTGCAAGGTCCATTCAAGTCGTAGGTTTGCCTTCAGCCTCAACGCTTACGCAGCTGTATCTTGTCTCC,CS(=O)(=O)c1ccc([C@@H](O)[C@@H](CF)NC(=O)C(Cl)Cl)cc1,6.277530614115969
425,GGCGACAAGGAAAATCCTTCAACGAAGTGGGTCGCC,COC(=O)[C@H]1[C@@H](OC(=O)c2ccccc2)C[C@@H]2CC[C@H]1N2C,4.886056647693163
427,GGCGACAAGGAAAATCCTTCCACGAAGTGGGTCGCC,C=C[C@H]1CN2CC[C@H]1C[C@H]2[C@H](O)c1ccnc2ccc(OC)cc12,3.920818753952375
428,TAGGGAAGAGAAGGACATATGATGTGCCGTGAATACAGGCCCTTCTCCGCTCCGCGTTCCGCTTTGACTAGTACATGACCACTTGA,C[C@]12CC[C@H]3[C@@H](CCC4=CC(=O)CC[C@@]43C)[C@@H]1CC[C@@H]2O,8.096910013008056
429,TAGGGAAGAGAAGGACATATGATACCTCCGAAGTATCATGCGGAGCATGTCCCGAATTTCATTCGTTCTCGTGACTTGACTAGTACATGACCACTTGA,CC(=O)[C@H]1CC[C@H]2[C@@H]3CCC4=CC(=O)CC[C@]4(C)[C@H]3CC[C@]12C,7.692503962086787
430,TAGGGAAGAGAAGGACATATGATGTCTGAGGTACTCACTTCTCACGTACGTTTCCCTCCTGAATTGACTAGTACATGACCACTTGA,CC(=O)[C@H]1CC[C@H]2[C@@H]3CCC4=CC(=O)CC[C@]4(C)[C@H]3CC[C@]12C,8.244125144327509
431,ACCTGGGGGAGTAT,Nc1ncnc2c1nnn2C1COC(COP(=O)(O)OP(=O)(O)OP(=O)(O)O)C1,6.00436480540245
481,ATACCAGCTTATTCAATTGACATGACTGGGATTTTTGGCGAAATCGAAGGAAGCGGAGAGATAGTAAGTGCAATCT,Cn1ncc(-c2nc(N[C@H]3CC[C@H](N)CC3)ncc2Cl)c1CC1CC1,7.522878745280337
482,CTATAGCAATGGTACGGTACTTCCTCACTAGACAGGCGCTGTTGGTTCACAGGCATCTTCATTACAAAAGTGCACGCTACTTTGCTAA,NC(CCS)C(=O)O,5.221848749616356
483,TAGGGAAGAGAAGGACATATGATGTGCCGCGCTTCCCTTGCCGCTCAAAACAGACCACCCACTTTGACTAGTACATGACCACTTGA,CNCC(=O)O,8.481486060122112
484,TAGGGAAGAGAAGGACATATGATGTGTTGTTCAGCCGCTACTACTTCCCTTCCAGTTTAACGTTTGACTAGTACATGACCACTTGA,CNCC(=O)O,7.249491605148654
485,CGATCTGGATATTATTTTTGATACCCCTTTGGGGAGACAT,CCCC[C@@H](C)[C@@H](OC(=O)C[C@H](CC(=O)O)C(=O)O)[C@@H](OC(=O)C[C@H](CC(=O)O)C(=O)O)[C@@H](C)C[C@H](O)CCCC[C@@H](O)C[C@H](O)[C@H](C)N,6.2076083105017466
486,ATACCAGCTTATTCAATTAATCGCATTACCTTATACCAGCTTATTCAATTACGTCTGCACATACCAGCTTATTCAATTAGATAGTAAGTGCAATCT,CCCC[C@@H](C)[C@@H](OC(=O)C[C@H](CC(=O)O)C(=O)O)[C@@H](OC(=O)C[C@H](CC(=O)O)C(=O)O)[C@@H](C)C[C@H](O)CCCC[C@@H](O)C[C@H](O)[C@H](C)N,6.0
487,GAGGGCAACGAGTGTTTATAGA,COc1cc(NS(=O)(=O)c2ccc(N)cc2)nc(OC)n1,6.00436480540245
489,CGACCAGCTCATTCCTCACCACGAGAAAGGAGCTCGATGAACTGCGACGGATTCGACCCTATGCGAGTAGGTGGTGGATCCGAGCTCACCAGT,O=C1C(C)OC(C)=C1O,4.958607314841775
491,TCCAGCACTCCACGCATAACGAATTGTGCTCAATGCGCCCCTGCAGTGAATGTGGAATTTGTTATGCGTGCGACGGTGAA,C1=CC=C(C(=C1)C(C2=CC=C(C=C2)Cl)C(Cl)(Cl)Cl)Cl,5.384786665198641
492,CCGGTGGGTGGTCAGGTGGGATAGCGTTCCGCGTATGGCCCAGCGCATCACGGGTTCGCACCA,CC(C)(c1ccc(O)cc1)c1ccc(O)cc1,7.080921907623926
493,TAGGGAATTCGTCGACGGATCCGGGGTCTGGTGTTCTGCTTTGTTCTGTCGGGTCGTCTGCAGGTCGACGCATGCGCCG,CN[C@@H]1[C@H](O[C@H]2[C@H](O[C@H]3[C@H](O)[C@@H](O)[C@H](N=C(N)N)[C@@H](O)[C@@H]3N=C(N)N)O[C@@H](C)[C@]2(O)C=O)O[C@@H](CO)[C@H](O)[C@H]1O,6.00436480540245
495,GACGACGGAGGGAAGTGGTGTTTGTTGATCTCCTCTGTCGTC,Cn1c(=O)c2c(ncn2C)n(C)c1=O,3.835647144215563
496,GACGACTACGGAGTTTTAGCCGTCACGTTCCCAGGAGTCGTC,Cn1c(=O)c2c(ncn2C)n(C)c1=O,4.657577319177793
506,TTCCAAACGTCCACCGCCAAAACCAACCCGCCCTACCCACAAAA,CC(=O)O[C@@]12CO[C@@H]1C[C@H](O)[C@@]1(C)C(=O)[C@H](O)C3=C(C)[C@@H](OC(=O)[C@H](O)[C@@H](NC(=O)OC(C)(C)C)c4ccccc4)C[C@@](O)([C@@H](OC(=O)c4ccccc4)[C@H]21)C3(C)C.O.O.O,6.3872161432802645
513,AGCAGCACAGAGGTCAGATGCACTCGGACCCCATTCTCCTTCCATCCCTCATCCGTCCACCCTATGCGTGCTACCGTGAA,Clc1ccc(-c2cc(Cl)c(Cl)cc2Cl)c(Cl)c1,6.00436480540245
514,GTGCTTGGGGGAGTATTGCGGAGGAAAGCGGCCCTGCTGAAG,C1C2C(C(C(O2)N3C=NC4=C(N=CN=C43)N)O)OP(=O)(O1)O,2.8601209135987635
515,GTGCTTGGGGGAGTATTGCGGAGGAAAGCGGCCCTGCTGAAG,C1=NC(=C2C(=N1)N(C=N2)C3C(C(C(O3)COP(=O)(O)O)O)O)N,3.2365720064370627
516,GTGCTTGGGGGAGTATTGCGGAGGAAAGCGGCCCTGCTGAAG,C1=NC(=C2C(=N1)N(C=N2)C3C(C(C(O3)COP(=O)(O)OP(=O)(O)OP(=O)(O)O)O)O)N,3.42021640338319
517,GTGCTTGGGGGAGTATTGCGGAGGAAAGCGGCCCTGCTGAAG,C1=NC(=C2C(=N1)N(C=N2)C3C(C(C(O3)COP(=O)(O)OP(=O)(O)O)O)O)N,3.5528419686577806
518,GTGCTTGGGGGAGTATTGCGGAGGAAAGCGGCCCTGCTGAAG,C1=NC(=C2C(=N1)N(C=N2)C3C(C(C(O3)CO)O)O)N,4.522878745280337
521,ACCTGCAGGCGCGAGTTTCAGATCAAAACTTGTCTGGCGT,NC(=O)CF,5.0
522,GGCGTGTGCCCTGCGGATGAAGACTGGTCT,NC(=O)CF,4.920818753952375
523,AGGTGTCCTTTTGTTGACCGTATCTGGATCGCTGAGGTAT,COP(=O)(NC(C)=O)SC,7.045757490560675
524,TGTACCGTCTGAGCGATTCGTACTGTGGGCACCAATCGTACCCAATACTTGCGAATCAGCCAGTCAGTGTTAAGGAGTGC,CCC(C)N1C(=O)C(=C(NC1=O)C)Br,7.017728766960432
525,CGTACGGAATTCGCTAGCTAAGGGATTCCTGTAGAAGGAGCAGTCTGGATCCGAGCTCCACGTG,CCOP(=O)(Sc1ccccc1)Sc1ccccc1,6.42021640338319
526,CGTACGGAATTCGCTAGCTAAGGGATTCCTGTAGAAGGAGCAGTCTGGATCCGAGCTCCACGTG,CC(C)OP(=O)(OC(C)C)SCc1ccccc1,4.777283528852417
527,CTGACACCATATTATGAAGA,C/C(=N\C#N)N(C)Cc1ccc(Cl)nc1,6.00436480540245
528,TGTAATTTGTCTGCAGCGGTTCTTGATCGCTGACACCATATTATGAAGA,C/C(=N\C#N)N(C)Cc1ccc(Cl)nc1,6.00436480540245
532,CTGACACCATATTATGAAGA,C/C(=N\C#N)N(C)Cc1ccc(Cl)nc1,6.00436480540245
534,ACGACACGGAGGCTTAGTTTGCTAAATGGTCATGTCGT,C1=NC2=NC=NC(=C2N1)N ,2.6478174818886373
535,ACGACACGGAGGCTTAGTTTGCTAAATGGTCATGTCGT,C1=NC(=C2C(=N1)N(C=N2)C3C(C(C(O3)CO)O)O)N,5.00436480540245
536,ACCTGGGGGAGTATTGCGGAGGAAGGT,C1=NC(=C2C(=N1)N(C=N2)C3C(C(C(O3)CO)O)O)N,4.086186147616283
537,ACCTGGGGGAGTATTGCGGAGGAAGGT,CN1C=NC2=C1C(=O)N(C(=O)N2C)C,3.207608310501746
538,ACCTGGGGGAGTATTGCGGAGGAAGGT,CN1C2=C(C(=O)N(C1=O)C)NC=N2,3.193820026016113
546,GACGACGATTGTGGTCTATTCATAGGCGTCCGCTGAGTCGTC,CN1C2=C(C(=O)N(C1=O)C)NC=N2,5.292429823902063
547,GACGACGATTGTGGTCTATTCATAGGCGTCCGCTGAGTCGTC,CN1C=NC2=C1C(=O)N(C(=O)N2C)C,-0.0
548,GACGACAACGGTGGTCTATTCATAGGTGTCCGACTTGTCGTC,CN1C2=C(C(=O)N(C1=O)C)NC=N2,6.00436480540245
549,GACGACTGCTGGTCTATTCATAGGCGTCCGAGTTCAGTCGTC,CN1C2=C(C(=O)N(C1=O)C)NC=N2,6.00436480540245
550,GACGACGGTTTGGTCTATTCATAGGCGTCCGGGTGAGTCGTC,CN1C2=C(C(=O)N(C1=O)C)NC=N2,6.00436480540245
551,GACGACGGTTTGGTCTATTCATAGGCGTCCGGGTTAGTCGTC,CN1C2=C(C(=O)N(C1=O)C)NC=N2,6.00436480540245
552,GACGACGACATGGTCTATTCATAGGTGTCCGCGGAAGTCGTC,CN1C2=C(C(=O)N(C1=O)C)NC=N2,6.00436480540245
553,GACGACCATTGGTCTCTTTAGAGGTGTCCGTTAGGTCGTC,CN1C2=C(C(=O)N(C1=O)C)NC=N2,6.00436480540245
554,GACGACGTTGTGGTCTATTCATAGGTGTCTGCATCGTCGTC,CN1C2=C(C(=O)N(C1=O)C)NC=N2,6.00436480540245
555,GACGACGGTACAGGTCTATTCATAGGTGTCCGCAACGTCGTC,CN1C2=C(C(=O)N(C1=O)C)NC=N2,6.00436480540245
556,GACGACCAGTGAGGTCTATTCATAGGTGTCCGCCAGGTCGTC,CN1C2=C(C(=O)N(C1=O)C)NC=N2,6.00436480540245
557,GACGACGGGGGAAGTCCATTCATAGTTGTCTGCCGTGTCGTC,CN1C2=C(C(=O)N(C1=O)C)NC=N2,6.00436480540245
558,GACGACCAGAGGGTCTATTTATAGGGTCGTCCCCAGGTCGTC,CN1C2=C(C(=O)N(C1=O)C)NC=N2,6.00436480540245
559,GACGACTAGAGGGTCTATTAATAGGGCTGTCCCCTGGTCGTC,CN1C2=C(C(=O)N(C1=O)C)NC=N2,6.00436480540245
560,GACGACCTGATTGGTCTATTCATAGGCCAGAGGGTCGTC,CN1C2=C(C(=O)N(C1=O)C)NC=N2,6.00436480540245
561,GACGACGCAGAAGGTGTCCATGGTTTATGGTCTATCGTCGTC,CN1C2=C(C(=O)N(C1=O)C)NC=N2,6.00436480540245
562,GACGACTCTAGGTGTCCACCGCTCGGAAGGTCTATAGTCGTC,CN1C2=C(C(=O)N(C1=O)C)NC=N2,6.00436480540245
563,GACGACCTAGGTGTCCCTGCATTTGCCGAGGTCTATGTCGTC,CN1C2=C(C(=O)N(C1=O)C)NC=N2,6.00436480540245
564,GACGACCTAGGTGTCCGGGCCTATTGCTTGGTCTATGTCGTC,CN1C2=C(C(=O)N(C1=O)C)NC=N2,6.00436480540245
565,GACGACCTAGGTGTCCGCACGTTCGTGATGGTCTATGTCGTC,CN1C2=C(C(=O)N(C1=O)C)NC=N2,6.00436480540245
566,GACGACTAGGTCTATGCACTTTGGATAGGTGTCCAGGTCGTC,CN1C2=C(C(=O)N(C1=O)C)NC=N2,6.00436480540245
567,GACGACGCAGAAGGTGTCCATGGTTTATGGTCTATCGTCGTC,CN1C2=C(C(=O)N(C1=O)C)NC=N2,4.978810700930062
568,TTGTGGTCTATTCATAGGCGTCCGCTGA,CN1C2=C(C(=O)N(C1=O)C)NC=N2,4.522878745280337
569,GTGGTCTATTCATAGGCGTCCGC,CN1C2=C(C(=O)N(C1=O)C)NC=N2,4.008773924307505
570,TCTATTCATAGGCGT,CN1C2=C(C(=O)N(C1=O)C)NC=N2,3.0
574,GCATCTGATCGGGTGTGGGTGGCGTAAAGG,C[C@@H]1CC2=C(C=C(C(=C2C(=O)O1)O)C(=O)N[C@@H](CC3=CC=CC=C3)C(=O)O)Cl,5.443697499232712
575,GGGGTGAAACGGGTCCCG,C[C@@H]1CC2=C(C=C(C(=C2C(=O)O1)O)C(=O)N[C@@H](CC3=CC=CC=C3)C(=O)O)Cl,4.173925197299173
576,GCAGTCCTAGATCGGGTGTGGCTGGCTTGG,C[C@@H]1CC2=C(C=C(C(=C2C(=O)O1)O)C(=O)N[C@@H](CC3=CC=CC=C3)C(=O)O)Cl,5.00436480540245
577,GCACGATGGGGAAAGGGTCCCCCTGGGTTG,C[C@@H]1CC2=C(C=C(C(=C2C(=O)O1)O)C(=O)N[C@@H](CC3=CC=CC=C3)C(=O)O)Cl,3.714442690992226
578,ACTGTCCGTCGGGTTTAGGGTGGCGTTCGG,C[C@@H]1CC2=C(C=C(C(=C2C(=O)O1)O)C(=O)N[C@@H](CC3=CC=CC=C3)C(=O)O)Cl,4.795880017344075
579,TCAGTCCCGATCAGGTGTGGGTGGCATTGG,C[C@@H]1CC2=C(C=C(C(=C2C(=O)O1)O)C(=O)N[C@@H](CC3=CC=CC=C3)C(=O)O)Cl,4.769551078621726
580,CCAAATGCGACGGGGCCTGTTTTAATGGGG,C[C@@H]1CC2=C(C=C(C(=C2C(=O)O1)O)C(=O)N[C@@H](CC3=CC=CC=C3)C(=O)O)Cl,3.709965388637482
581,CGTACGGTGGGAACGGTTCCTCTTAGGGT,C[C@@H]1CC2=C(C=C(C(=C2C(=O)O1)O)C(=O)N[C@@H](CC3=CC=CC=C3)C(=O)O)Cl,4.1487416512809245
582,CAGGTGGCAGATCGGGTGTGGGTGGCCTGG,C[C@@H]1CC2=C(C=C(C(=C2C(=O)O1)O)C(=O)N[C@@H](CC3=CC=CC=C3)C(=O)O)Cl,5.017728766960431
583,ACATGCGACTGAGGCTCGGTTTATTGAGGG,C[C@@H]1CC2=C(C=C(C(=C2C(=O)O1)O)C(=O)N[C@@H](CC3=CC=CC=C3)C(=O)O)Cl,4.366531544420414
584,CCTGACGATCGGGTGTGGGTTGGCTTGAGG,C[C@@H]1CC2=C(C=C(C(=C2C(=O)O1)O)C(=O)N[C@@H](CC3=CC=CC=C3)C(=O)O)Cl,4.6020599913279625
585,CCTTGTAGATCGGGTGTGGTTTGGCGTAGG,C[C@@H]1CC2=C(C=C(C(=C2C(=O)O1)O)C(=O)N[C@@H](CC3=CC=CC=C3)C(=O)O)Cl,5.013228265733755
586,GCAGTACGATCGGGGGTGGGTGGATGTAGG,C[C@@H]1CC2=C(C=C(C(=C2C(=O)O1)O)C(=O)N[C@@H](CC3=CC=CC=C3)C(=O)O)Cl,4.721246399047171
587,GATCGGGTGTGGGTGGCGTAAAGGGAGCATCGGACAACG,C[C@@H]1CC2=C(C=C(C(=C2C(=O)O1)O)C(=O)N[C@@H](CC3=CC=CC=C3)C(=O)O)Cl,5.096910013008056
588,GATCGGGTGTGGGTGGCGTAAAGGGAGCATCGGACAACG,C[C@@H]1CC2=C(C=C(C(=C2C(=O)O1)O)C(=O)N[C@@H](CC3=CC=CC=C3)C(=O)O)Cl,5.698970004336019
589,GATCGGGTGTGGGTGGCGTAAAGGGAGCATCGG,C[C@@H]1CC2=C(C=C(C(=C2C(=O)O1)O)C(=O)N[C@@H](CC3=CC=CC=C3)C(=O)O)Cl,5.698970004336019
590,GATCGGGTGTGGGTGGCGTAAAGGGAGCATCG,C[C@@H]1CC2=C(C=C(C(=C2C(=O)O1)O)C(=O)N[C@@H](CC3=CC=CC=C3)C(=O)O)Cl,5.3979400086720375
591,GATCGGGTGTGGGTGGCGTAAAGGGAGCATC,C[C@@H]1CC2=C(C=C(C(=C2C(=O)O1)O)C(=O)N[C@@H](CC3=CC=CC=C3)C(=O)O)Cl,5.301029995663981
592,GATCGGGTGTGGGTGGCGTAAAGGGAGCAT,C[C@@H]1CC2=C(C=C(C(=C2C(=O)O1)O)C(=O)N[C@@H](CC3=CC=CC=C3)C(=O)O)Cl,4.795880017344075
595,TCACCGGGAGGAGACCCTGAAACTTGGTGGTGGTTCGGTGGCTGTTCAGGGTCTCCTCCCGGTGAGTGGCTTGGTGGTGGTTCAA,CC(COCCO)OCCO,6.00436480540245
604,ATCCGTCACACCTGCTCTGACGCTGGGGTCGACCCGGAGAAATGCATTCCCCTGTGGTGTTGGCTCCCGTAT,COC1=C2C3=C(C(=O)CC3)C(=O)OC2=C4C(=C1)O[C@@H]5[C@]4(C=CO5)O,6.448550002027125
605,ATCCGTCACACCTGCTCTGGCATTAGTATTCCATAGCCGGCCAAGTCTATGTAGTGGTGTTGGCTCCCGTAT,COC1=C2C3=C(C(=O)CC3)C(=O)OC2=C4C(=C1)O[C@@H]5[C@]4(C=CO5)O,6.014573525916998
606,ATCCGTCACACCTGCTCTCAATCTGAAATATTGCAAGCAGTGCTCACAATTTGTTGGTGTTGGCTCCCGTAT,COC1=C2C3=C(C(=O)CC3)C(=O)OC2=C4C(=C1)O[C@@H]5[C@]4(C=CO5)O,6.055517327849832
607,ATACGGGAGCCAACACCAAGTAACACACGCGGACCAGAAATACATCCCCCCGTAGAGCAGGTGTGACGGAT,COC1=C2C3=C(C(=O)CC3)C(=O)OC2=C4C(=C1)O[C@@H]5[C@]4(C=CO5)O,6.274088367704952
608,ATACGGGAGCCAACACCAACAACCTAGATGTTCTGATAACACGAATCGCTTCGAAGAGCAGGTGTGACGGAT,COC1=C2C3=C(C(=O)CC3)C(=O)OC2=C4C(=C1)O[C@@H]5[C@]4(C=CO5)O,6.041436116778033
609,ATACGGGAGCCAACACCACTTGGTTAACCAATCAAACCGGACAACGAAGGGTCCAGAGCAGGTGTGACGGAT,COC1=C2C3=C(C(=O)CC3)C(=O)OC2=C4C(=C1)O[C@@H]5[C@]4(C=CO5)O,6.2053028731080015
610,ATCCGTCACACCTGCTCTACACTCCGCACGATCTTTTTTAGAACGCGTACCCGTTGGTGTTGGCTCCCGTAT,COC1=C2C3=C(C(=O)CC3)C(=O)OC2=C4C(=C1)O[C@@H]5[C@]4(C=CO5)O,6.065956280964475
611,ATCCGTCACACCTGCTCTGTGTACGCCCGTATTTACGTTCCTAGCAATTGCTATGTGGTGTTGGCTCCCGTAT,COC1=C2C3=C(C(=O)CC3)C(=O)OC2=C4C(=C1)O[C@@H]5[C@]4(C=CO5)O,6.105850153232078
612,ATACGGGAGCCAACACCACATCGACTTACGAATCAACGCGTTTATTATTGGTTCAGAGCAGGTGTGACGGAT,COC1=C2C3=C(C(=O)CC3)C(=O)OC2=C4C(=C1)O[C@@H]5[C@]4(C=CO5)O,6.208730519089731
613,ATCCGTCACACCTGCTCTAACTTACACATAATTCTAGGTTACATCTTGCTCATATGGTGTTGGCTCCCGTAT,COC1=C2C3=C(C(=O)CC3)C(=O)OC2=C4C(=C1)O[C@@H]5[C@]4(C=CO5)O,6.167491087293763
614,ATACGGGAGCCAACACCAAAGTAAGATCATCACCCGGACGCGGACATAATAGGAGAGCAGGTGTGACGGAT,COC1=C2C3=C(C(=O)CC3)C(=O)OC2=C4C(=C1)O[C@@H]5[C@]4(C=CO5)O,6.091461367828041
615,ATCCGTCACACCTGCTCTTGTAGGGTTCCCACCCAATTCAGTTCCGTTAAACCATGGTGTTGGCTCCCGTAT,COC1=C2C3=C(C(=O)CC3)C(=O)OC2=C4C(=C1)O[C@@H]5[C@]4(C=CO5)O,6.230992129056226
616,ATCCGTCACACCTGCTCTTGGGGTTATTACTCGTGAGATTGGGAATAGGTTACATGGTGTTGGCTCCCGTAT,COC1=C2C3=C(C(=O)CC3)C(=O)OC2=C4C(=C1)O[C@@H]5[C@]4(C=CO5)O,6.127086558379605
617,ATCCGTCACACCTGCTCTCGAATAGAGTACTCGATACTGACTTTATTTACCGTCTGGTGTTGGCTCCCGTAT,COC1=C2C3=C(C(=O)CC3)C(=O)OC2=C4C(=C1)O[C@@H]5[C@]4(C=CO5)O,6.307329300843631
618,ATCCGTCACACCTGCTCTCCTCGAACTAGTTAGACCCTCCTCCAAGTCAACTTGTGGTGTTGGCTCCCGTAT,COC1=C2C3=C(C(=O)CC3)C(=O)OC2=C4C(=C1)O[C@@H]5[C@]4(C=CO5)O,6.0072256357446445
619,ATACGGGAGCCAACACCACCTGCGGAAAATCAACAACGACACACGCCACGATTCAGAGCAGGTGTGACGGAT,COC1=C2C3=C(C(=O)CC3)C(=O)OC2=C4C(=C1)O[C@@H]5[C@]4(C=CO5)O,5.97183558057553
620,ATACGGGAGCCAACACCATGTACATTGTAGATTTATTTGCCCAAAACCCAAGAAGAGCAGGTGTGACGGAT,COC1=C2C3=C(C(=O)CC3)C(=O)OC2=C4C(=C1)O[C@@H]5[C@]4(C=CO5)O,5.65521487736734
621,ATCCGTCACACCTGCTCTCACGTCCGTCAACCAGATTGATACTTTATCTTGTTGTGGTGTTGGCTCCCGTAT,COC1=C2C3=C(C(=O)CC3)C(=O)OC2=C4C(=C1)O[C@@H]5[C@]4(C=CO5)O,6.00436480540245
622,ATCCGTCACACCTGCTCTATACACATTGTGTTTACTCCCAGTTTTTTAGACTTATGGTGTTGGCTCCCGTAT,COC1=C2C3=C(C(=O)CC3)C(=O)OC2=C4C(=C1)O[C@@H]5[C@]4(C=CO5)O,5.975925012692573
623,ATCCGTCACACCTGCTCTATTCCTCTGTTGAAGAACCACTTCCGGAAATAAGAGTGGTGTTGGCTCCCGTAT,COC1=C2C3=C(C(=O)CC3)C(=O)OC2=C4C(=C1)O[C@@H]5[C@]4(C=CO5)O,6.015022873584507
629,GGAGGCTCTCGGGACGACGGACGCGGGATGTTTGGGGGACCCACGTTTGTCGTCCCGATGCTGCAATCGTAA,CN(CC1=CN=C2C(=N1)C(=NC(=N2)N)N)C3=CC=C(C=C3)C(=O)NC(CCC(=O)O)C(=O)O,5.714442690992226
630,CGACGGACGCGGGATGTTTGGGGGACCCACGTTTGTCG,CN(CC1=CN=C2C(=N1)C(=NC(=N2)N)N)C3=CC=C(C=C3)C(=O)NC(CCC(=O)O)C(=O)O,5.486782399932061
631,GGGCGAACGCGGGATGTTTGGGGGACCCACGTTCGCCC,CN(CC1=CN=C2C(=N1)C(=NC(=N2)N)N)C3=CC=C(C=C3)C(=O)NC(CCC(=O)O)C(=O)O,5.782516055786093
632,CGAACGCGGGATGTTTGGGGGACCCACGTTCG,CN(CC1=CN=C2C(=N1)C(=NC(=N2)N)N)C3=CC=C(C=C3)C(=O)NC(CCC(=O)O)C(=O)O,5.311580177997289
633,CGCGGGATGTTTGGGGGACCCAC,CN(CC1=CN=C2C(=N1)C(=NC(=N2)N)N)C3=CC=C(C=C3)C(=O)NC(CCC(=O)O)C(=O)O,5.276544327964814
634,GCAGCGGTTCTTGATCGCTGACACCATATTATGAAGA,C/C(=N\C#N)/N(C)Cc1ccc(nc1)Cl,6.00436480540245
635,GATCGCTGACACCATATTATGAAGA,C/C(=N\C#N)/N(C)Cc1ccc(nc1)Cl,6.00436480540245
636,AAAAAAAAAAGTTGGGCACGTGTTGTCTCTCTGTGTCTCGTGCCCTTCGCTAGGCCCACA,COC1=C2C3=C(C(=O)CC3)C(=O)OC2=C4[C@@H]5C=CO[C@@H]5OC4=C1,6.00436480540245
637,AGCAGCACAGAGGTCAGATGGTGCTATCATGCGCTCAATGGGAGACTTTAGCTGCCCCCACCTATGCGTGCTACCGTGAA,COC1=C2C3=C(C(=O)CC3)C(=O)OC2=C4[C@@H]5C=CO[C@@H]5OC4=C1,6.9434762759209
638,AGCAGCACAGAGGTCAGATGTAATCGTACCTTTGTCCACTGTCTTCGTCGTACTCACTAGCCTATGCGTGCTACCGTGAA,COC1=C2C3=C(C(=O)CC3)C(=O)OC2=C4[C@@H]5C=CO[C@@H]5OC4=C1,6.297052753818444
639,AGCAGCACAGAGGTCAGATGTGGCGTAGTATGCGCTCCGAAATAGCAAATTTCTGGCCTTCCTATGCGTGCTACCGTGAA,COC1=C2C3=C(C(=O)CC3)C(=O)OC2=C4[C@@H]5C=CO[C@@H]5OC4=C1,6.5934598195660445
640,AGCAGCACAGAGGTCAGATGTATCGTACGCCAAAGTCCCGTAAACACTACTTACACATTGCCTATGCGTGCTACCGTGAA,COC1=C2C3=C(C(=O)CC3)C(=O)OC2=C4[C@@H]5C=CO[C@@H]5OC4=C1,6.877129077135565
641,AGCAGCACAGAGGTCAGATGGGATACGCATGCGTCGTATTACCGATTACGTAAAACGAGACCTATGCGTGCTACCGTGAA,COC1=C2C3=C(C(=O)CC3)C(=O)OC2=C4[C@@H]5C=CO[C@@H]5OC4=C1,6.030397735151461
642,GGGAGTCAAGAACGAA,C=C[C@H]1CN2CC[C@H]1C[C@H]2[C@H](O)c1ccnc2ccc(OC)cc12,6.00436480540245
643,TCGTGGGACGACATTCGTTCTTCAATGA,C=C[C@H]1CN2CC[C@H]1C[C@H]2[C@H](O)c1ccnc2ccc(OC)cc12,6.00436480540245
644,TCCAGCACTCCACGCATAACGGCAGGAAGAGTAGTGATGAGTGGTGTTATGCGGGGTGTGGTTATGCGTGCGACGGTGAA,CCOP(=S)(OCC)ON=C(C#N)C1=CC=CC=C1,5.031517051446065
645,CTGTTTGGTAGGCAG,CC1=NC=C(N1CCO)[N+](=O)[O-],6.00436480540245
646,GGAAAAGAATTTATCTTGTCC,CC(=O)NC1C(CC(OC1C(C(CO)O)O)(C(=O)O)O)O,6.254066841540557
647,ATTGGCACTCCACGCATAGGCACACCCACCGGCCTAGCCACACCATGCTGCTGTTGCCCACCTATGCGTGCTACCGTGAA,"
CC[C@H]1OC(=O)[C@H](C)[C@@H](OC2CC(C)(OC)C(O)C(C)O2)[C@H](C)[C@@H](OC2OC(C)CC(C2O)N(C)C)[C@](C)(O)C[C@@H](C)\C(=N/OCOCCOC)[C@H](C)[C@@H](O)[C@]1(C)O",5.337242168318426
650,ACGACGTTTGCGATGAGAAACGTAATACATTGGTTTCGAAGGTCGT,Nc1ncnc2c1ncn2[C@@H]1O[C@H](CO)[C@@H](O)[C@H]1O,5.3979400086720375
651,ACGACGTTTGCGATGAGTAACGTATGGTTACGAAGGTCGT,Nc1ncnc2c1ncn2[C@@H]1O[C@H](CO)[C@@H](O)[C@H]1O,5.3979400086720375
652,ACAGTAGTGAGGGGTCCGTCGTGGGGTAGTTGGGTCGTGG,C[C@H](C1=CC=C(C=C1)CC(C)C)C(=O)O ,4.522878745280337
653,GCGAACGACTTCATAAAATGCTATAAGGTTGCCCTCTGTC,C[C@H](C1=CC=C(C=C1)CC(C)C)C(=O)O ,4.2839966563652006
654,GGATCGGCGACGTGGGTGTCGTGATTCGGGGTG,C[C@H](C1=CC=C(C=C1)CC(C)C)C(=O)O ,4.494850021680094
655,CCACAGACCCTTAGCTTTCCTATTATTCTGCGCGACGCTG,C[C@@H](C1=CC=C(C=C1)CC(C)C)C(=O)O,4.823908740944319
656,ACAGCGTGGGCGGTGTCGGATTTTCGTATGGATGGGGATG,C[C@@H](C1=CC=C(C=C1)CC(C)C)C(=O)O ,4.42021640338319
657,AGCAGCACAGAGGTCAGATGGGACGCGGTTTACTGTCATCTGTTCTTCAACTACTTCTCCCCTATGCGTGCTACCGTGAA,CCCC[C@@H](C)[C@@H](OC(=O)C[C@H](CC(=O)O)C(=O)O)[C@@H](OC(=O)C[C@H](CC(=O)O)C(=O)O)[C@@H](C)C[C@H](O)CCCC[C@@H](O)C[C@H](O)[C@H](C)N,5.87942606879415
658,AGCAGCACAGAGGTCAGATGTAAACCCAATAAGCTTACTATATATTCTGGATTACATCTTCCTATGCGTGCTACCGTGAA,CCCC[C@@H](C)[C@@H](OC(=O)C[C@H](CC(=O)O)C(=O)O)[C@@H](OC(=O)C[C@H](CC(=O)O)C(=O)O)[C@@H](C)C[C@H](O)CCCC[C@@H](O)C[C@H](O)[C@H](C)N,6.050609993355087
659,AGCAGCACAGAGGTCAGATGCGATCTGGATATTATTTTTGATACCCCTTTGGGGAGACATCCTATGCGTGCTACCGTGAA,CCCC[C@@H](C)[C@@H](OC(=O)C[C@H](CC(=O)O)C(=O)O)[C@@H](OC(=O)C[C@H](CC(=O)O)C(=O)O)[C@@H](C)C[C@H](O)CCCC[C@@H](O)C[C@H](O)[C@H](C)N,6.2076083105017466
660,CTTACGACACGGGGTCTTGGGGTGAGTCCTGCTGTGTCAGTGTGTCGTAAG,C1=CC=C2C(=C1)N=CC(=N2)NS(=O)(=O)C3=CC=C(C=C3)N,5.173925197299173
661,CTTACGACACGGGGTCTTGGGGTGAGTCCTGCTGTGTCAGTGTGTCGTAAG,COC1=NN=C(C=C1)NS(=O)(=O)C2=CC=C(C=C2)N,3.701146923590293
662,CTTACGACACGGGGTCTTGGGGTGAGTCCTGCTGTGTCAGTGTGTCGTAAG,COC1=CN=C(N=C1)NS(=O)(=O)C2=CC=C(C=C2)N,3.5128616245228135
663,CTTACGACACGGGGTCTTGGGGTGAGTCCTGCTGTGTCAGTGTGTCGTAAG,C1=CC(=CC=C1N)S(=O)(=O)NC2=NN=C(C=C2)Cl,3.0070049015686586
664,CTTACGACACGGGGTCTTGGGGTGAGTCCTGCTGTGTCAGTGTGTCGTAAG,C1=CC=NC(=C1)NS(=O)(=O)C2=CC=C(C=C2)N,2.962573502059376
665,TAGGGAATTCGTCGACGGATCCCCAGCTCGGGGTGCTATGGAGGCTGTATCGGAGACCTGCAGGTCGACGCATGCGCCG,C1[C@H]([C@@H]([C@H]([C@@H]([C@H]1N)O[C@@H]2[C@@H]([C@H]([C@@H]([C@H](O2)CN)O)O)N)O[C@H]3[C@@H]([C@@H]([C@H](O3)CO)O[C@@H]4[C@@H]([C@H]([C@@H]([C@@H](O4)CN)O)O)N)O)O)N,5.6581897111434865
666,TAGGGAATTCGTCGACGGATCCCCAGCTCGGGGTGCTATGGAGGCTGTATCGGAGACCTGCAGGTCGACGCATGCGCCG,CC(C1CCC(C(O1)OC2C(CC(C(C2O)OC3C(C(C(CO3)(C)O)NC)O)N)N)N)NC,5.611082154843086
667,TAGGGAATTCGTCGACGGATCCCCAGCTCGGGGTGCTATGGAGGCTGTATCGGAGACCTGCAGGTCGACGCATGCGCCG,C1[C@H]([C@@H]([C@H]([C@@H]([C@H]1N)O[C@@H]2[C@@H]([C@H]([C@@H]([C@H](O2)CN)O)O)O)O)O[C@@H]3[C@@H]([C@H]([C@@H]([C@H](O3)CO)O)N)O)N,5.505205571571634
668,CGGATCCCCAGCTCGGGGTGCTATGGAGGCTGTATCGGAGACCTGCAGG,C1[C@H]([C@@H]([C@H]([C@@H]([C@H]1N)O[C@@H]2[C@@H]([C@H]([C@@H]([C@H](O2)CN)O)O)N)O[C@H]3[C@@H]([C@@H]([C@H](O3)CO)O[C@@H]4[C@@H]([C@H]([C@@H]([C@@H](O4)CN)O)O)N)O)O)N,6.024844021593311
669,CGGATCCCCAGCTCGGGGTGCTATGGAGGCTGTATCGGAGACCTGCAGG,CC(C1CCC(C(O1)OC2C(CC(C(C2O)OC3C(C(C(CO3)(C)O)NC)O)N)N)N)NC,6.0055068771164875
670,CGGATCCCCAGCTCGGGGTGCTATGGAGGCTGTATCGGAGACCTGCAGG,CC(C1CCC(C(O1)OC2C(CC(C(C2O)OC3C(C(C(CO3)(C)O)NC)O)N)N)N)NC,5.969967295063829
671,CGGATCCCCAGCTCGGGGTGCTATGGAGGCTGTATCGGAGACCTGCAGG,C[C@H]1[C@@]([C@H]([C@@H](O1)O[C@@H]2[C@H]([C@@H]([C@H]([C@@H]([C@H]2O)O)N=C(N)N)O)N=C(N)N)O[C@H]3[C@H]([C@@H]([C@H]([C@@H](O3)CO)O)O)NC)(C=O)O,5.992679047077256
672,CGGATCCCCAGCTCGGGGTGCTATGGAGGCTGTATCGGAGACCTGCAGG,C[C@H]1[C@@]([C@H]([C@@H](O1)O[C@@H]2[C@H]([C@@H]([C@H]([C@@H]([C@H]2O)O)N=C(N)N)O)N=C(N)N)O[C@H]3[C@H]([C@@H]([C@H]([C@@H](O3)CO)O)O)NC)(CO)O,5.947344526960473
673,CGGATCCCCAGCTCGGGGTGCTATGGAGGCTGTATCGGAGACCTGCAGG,C1[C@@H]([C@H]([C@@H]([C@H]([C@@H]1N)O[C@@H]2[C@@H]([C@H]([C@@H]([C@H](O2)CO)O)N)O)O)O[C@@H]3[C@@H](C[C@@H]([C@H](O3)CN)O)N)N,5.939000146781711
674,CGGATCCCCAGCTCGGGGTGCTATGGAGGCTGTATCGGAGACCTGCAGG,C[C@@H]1CC(=O)[C@]2([C@@H](O1)O[C@@H]3[C@H]([C@@H]([C@@H]([C@@H]([C@H]3O2)NC)O)NC)O)O,5.959555901637324
675,CGGATCCCCAGCTCGGGGTGCTATGGAGGCTGTATCGGAGACCTGCAGG,CN[C@H]1[C@H]([C@@H]2[C@H](C[C@H]([C@H](O2)O[C@@H]3[C@H](C[C@H]([C@@H]([C@H]3O)O)N)N)N)O[C@@H]1O[C@@H]4[C@@H]([C@H]([C@@H]([C@H](O4)CO)N)O)O)O,5.815819804652741
676,CGGATCCCCAGCTCGGGGTGCTATGGAGGCTGTATCGGAGACCTGCAGG,C1[C@H]([C@@H]([C@H]([C@@H]([C@H]1N)O[C@@H]2[C@@H]([C@H]([C@@H]([C@H](O2)CO)O)O)N)O[C@H]3[C@@H]([C@@H]([C@H](O3)CO)O[C@@H]4[C@@H]([C@H]([C@@H]([C@@H](O4)CN)O)O)N)O)O)N,5.978852064279005
677,CGGATCCCCAGCTCGGGGTGCTATGGAGGCTGTATCGGAGACCTGCAGG,C1[C@@H]([C@H]([C@@H]([C@H]([C@@H]1NC(=O)[C@H](CCN)O)O[C@@H]2[C@@H]([C@H]([C@@H]([C@H](O2)CO)O)N)O)O)O[C@@H]3[C@@H]([C@H]([C@@H]([C@H](O3)CN)O)O)O)N,5.730627173377074
678,GTTATTTCAGGGGGACCCATCAGGGGGCTAGGCTAAC,CCN1CCN(CC1)C2=C(C=C3C(=C2)N(C=C(C3=O)C(=O)O)C4CC4)F,5.675799883214622
679,GTTATTTCAGGGGGACCCATCAGGGGGCTAGGCTAAC,C1CC1N2C=C(C(=O)C3=CC(=C(C=C32)N4CCNCC4)F)C(=O)O,5.051836531759388
680,ATCTGAGGCTTGATCTACTAATGCTATCGTAATCAGTTAG,CCN1CCN(CC1)C2=C(C=C3C(=C2)N(C=C(C3=O)C(=O)O)C4CC4)F,4.527359085456849
681,ATCTGAGGCTTGATCTACTAATGCTATCGTAATCAGTTAG,C1CC1N2C=C(C(=O)C3=CC(=C(C=C32)N4CCNCC4)F)C(=O)O,5.818367896379017
682,ATCTGAGGCTTGATCTACTAATGCTATCGTAATCAGTTAGGTTATTTCAGGGGGACCCATCAGGGGGCTAGGCTAAC,CCN1CCN(CC1)C2=C(C=C3C(=C2)N(C=C(C3=O)C(=O)O)C4CC4)F,4.882155548784554
683,ATCTGAGGCTTGATCTACTAATGCTATCGTAATCAGTTAGGTTATTTCAGGGGGACCCATCAGGGGGCTAGGCTAAC,C1CC1N2C=C(C(=O)C3=CC(=C(C=C32)N4CCNCC4)F)C(=O)O,4.115204636051019
684,TCATCTATCTATGGTACATTACTATCTGTAATGTGATATGTTTTTTGATCGGGTGTGGGTGGCGTAAAGGGAGCATCGGACA,C[C@H]1CCCC(=O)CCC/C=C/C2=C(C(=CC(=C2)O)O)C(=O)O1,5.723078867934226
685,TCATCTATCTATGGTACATTACTATCTGTAATGTGATATGTTTTTTGATCGGGTGTGGGTGGCGTAAAGGGAGCATCGGACA,C[C@@H]1CC2=C(C=C(C(=C2C(=O)O1)O)C(=O)N[C@@H](CC3=CC=CC=C3)C(=O)O)Cl,5.723078867934226
686,GGCGGGTTATTTGACCATGTCGAGGGAGACGCGCAGTCGCTACCACCTTTCCCGCC,C[C@@H]1CC[C@]2(CCCCO2)O[C@@H]1[C@@H](C)C[C@@H]([C@@H]3C(=C)[C@H]([C@H]4[C@H](O3)CC[C@]5(O4)CC[C@@H](O5)/C=C/[C@@H](C)[C@@H]6CC(=C[C@@]7(O6)[C@@H](CC[C@H](O7)C[C@](C)(C(=O)O)O)O)C)O)O,6.128427064454121
687,GGCGGGTTATTTGACCATGTCGAGGGAGACGCGCAGTCGCTACCACCTTTCCCGCC,CC1CCC2(C(CCCO2)C)OC1C(C)CC(C3C(=C)C(C4C(O3)CCC5(O4)CCC(O5)/C=C/C(C)C6CC(=CC7(O6)C(CCC(O7)CC(C)(C(=O)O)O)O)C)O)O,6.601886308269497
688,GGCGGGTTATTTGACCATGTCGAGGGAGACGCGCAGTCGCTACCACCTTTCCCGCC,C[C@@H]1CCCO[C@@]12CCC[C@H](O2)[C@@H](C)C[C@@H]([C@@H]3C(=C)[C@H]([C@H]4[C@H](O3)CC[C@]5(O4)CC[C@@H](O5)/C=C/[C@@H](C)[C@@H]6CC(=C[C@@]7(O6)[C@@H](CC[C@H](O7)C[C@](C)(C(=O)O)O)O)C)O)O,5.753501419204199
689,GGTCACCAACAACAGGGAGAAGGGTCAATGTGACGTCATGCGGATGTGTGG,C[C@@H]1CC[C@]2(CCCCO2)O[C@@H]1[C@@H](C)C[C@@H]([C@@H]3C(=C)[C@H]([C@H]4[C@H](O3)CC[C@]5(O4)CC[C@@H](O5)/C=C/[C@@H](C)[C@@H]6CC(=C[C@@]7(O6)[C@@H](CC[C@H](O7)C[C@](C)(C(=O)O)O)O)C)O)O,5.875821944525325
690,GGTCACCAACAACAGGGAGAAGGGTCAATGTGACGTCATGCGGATGTGTGG,CC1CCC2(C(CCCO2)C)OC1C(C)CC(C3C(=C)C(C4C(O3)CCC5(O4)CCC(O5)/C=C/C(C)C6CC(=CC7(O6)C(CCC(O7)CC(C)(C(=O)O)O)O)C)O)O,5.641874714723351
691,GGTCACCAACAACAGGGAGAAGGGTCAATGTGACGTCATGCGGATGTGTGG,C[C@@H]1CCCO[C@@]12CCC[C@H](O2)[C@@H](C)C[C@@H]([C@@H]3C(=C)[C@H]([C@H]4[C@H](O3)CC[C@]5(O4)CC[C@@H](O5)/C=C/[C@@H](C)[C@@H]6CC(=C[C@@]7(O6)[C@@H](CC[C@H](O7)C[C@](C)(C(=O)O)O)O)C)O)O,6.232176501992483
692,GGTCACCAACAACAGGGAGAA,C[C@@H]1CC[C@]2(CCCCO2)O[C@@H]1[C@@H](C)C[C@@H]([C@@H]3C(=C)[C@H]([C@H]4[C@H](O3)CC[C@]5(O4)CC[C@@H](O5)/C=C/[C@@H](C)[C@@H]6CC(=C[C@@]7(O6)[C@@H](CC[C@H](O7)C[C@](C)(C(=O)O)O)O)C)O)O,6.934047019686131
693,GGTCACCAACAACAGGGAGAA,CC1CCC2(C(CCCO2)C)OC1C(C)CC(C3C(=C)C(C4C(O3)CCC5(O4)CCC(O5)/C=C/C(C)C6CC(=CC7(O6)C(CCC(O7)CC(C)(C(=O)O)O)O)C)O)O,6.359319846722335
694,GGTCACCAACAACAGGGAGAA,C[C@@H]1CCCO[C@@]12CCC[C@H](O2)[C@@H](C)C[C@@H]([C@@H]3C(=C)[C@H]([C@H]4[C@H](O3)CC[C@]5(O4)CC[C@@H](O5)/C=C/[C@@H](C)[C@@H]6CC(=C[C@@]7(O6)[C@@H](CC[C@H](O7)C[C@](C)(C(=O)O)O)O)C)O)O,6.543482142194738
695,GGGTCAATGTGACGTCATGCGGATGTGTGG,C[C@@H]1CC[C@]2(CCCCO2)O[C@@H]1[C@@H](C)C[C@@H]([C@@H]3C(=C)[C@H]([C@H]4[C@H](O3)CC[C@]5(O4)CC[C@@H](O5)/C=C/[C@@H](C)[C@@H]6CC(=C[C@@]7(O6)[C@@H](CC[C@H](O7)C[C@](C)(C(=O)O)O)O)C)O)O,6.934047019686131
696,GGGTCAATGTGACGTCATGCGGATGTGTGG,CC1CCC2(C(CCCO2)C)OC1C(C)CC(C3C(=C)C(C4C(O3)CCC5(O4)CCC(O5)/C=C/C(C)C6CC(=CC7(O6)C(CCC(O7)CC(C)(C(=O)O)O)O)C)O)O,6.359319846722335
697,GGGTCAATGTGACGTCATGCGGATGTGTGG,C[C@@H]1CCCO[C@@]12CCC[C@H](O2)[C@@H](C)C[C@@H]([C@@H]3C(=C)[C@H]([C@H]4[C@H](O3)CC[C@]5(O4)CC[C@@H](O5)/C=C/[C@@H](C)[C@@H]6CC(=C[C@@]7(O6)[C@@H](CC[C@H](O7)C[C@](C)(C(=O)O)O)O)C)O)O,6.543482142194738
698,TTTTTGGGGGAAAAACTTCCAACGCTCGTATTGTCAGTCTTTAGT,CC(=O)Nc1ccc(cc1)S(=O)(=O)N ,6.00436480540245
713,CCCCCTGGGTCGGGAGGGAAGGGGGTTGGGGGTGCGG,COc1ccc2c3c1O[C@H]1[C@@H](O)C=C[C@H]4[C@@H](C2)N(C)CC[C@@]341,5.040958607678906
714,ATTTGACCATGTCGAGGGAG,C[C@@H]1CC[C@]2(CCCCO2)O[C@@H]1[C@@H](C)C[C@@H]([C@@H]3C(=C)[C@H]([C@H]4[C@H](O3)CC[C@]5(O4)CC[C@@H](O5)/C=C/[C@@H](C)[C@@H]6CC(=C[C@@]7(O6)[C@@H](CC[C@H](O7)C[C@](C)(C(=O)O)O)O)C)O)O,5.224243962155902
715,ATTTGACCATGTCGAGGGAG,CC1CCC2(C(CCCO2)C)OC1C(C)CC(C3C(=C)C(C4C(O3)CCC5(O4)CCC(O5)/C=C/C(C)C6CC(=CC7(O6)C(CCC(O7)CC(C)(C(=O)O)O)O)C)O)O,5.177766519761156
716,ATTTGACCATGTCGAGGGAG,C[C@@H]1CCCO[C@@]12CCC[C@H](O2)[C@@H](C)C[C@@H]([C@@H]3C(=C)[C@H]([C@H]4[C@H](O3)CC[C@]5(O4)CC[C@@H](O5)/C=C/[C@@H](C)[C@@H]6CC(=C[C@@]7(O6)[C@@H](CC[C@H](O7)C[C@](C)(C(=O)O)O)O)C)O)O,5.964170174747172
717,ACGCGCAGTCGCTACCACCT,C[C@@H]1CC[C@]2(CCCCO2)O[C@@H]1[C@@H](C)C[C@@H]([C@@H]3C(=C)[C@H]([C@H]4[C@H](O3)CC[C@]5(O4)CC[C@@H](O5)/C=C/[C@@H](C)[C@@H]6CC(=C[C@@]7(O6)[C@@H](CC[C@H](O7)C[C@](C)(C(=O)O)O)O)C)O)O,5.224243962155902
718,ACGCGCAGTCGCTACCACCT,CC1CCC2(C(CCCO2)C)OC1C(C)CC(C3C(=C)C(C4C(O3)CCC5(O4)CCC(O5)/C=C/C(C)C6CC(=CC7(O6)C(CCC(O7)CC(C)(C(=O)O)O)O)C)O)O,5.177766519761156
719,ACGCGCAGTCGCTACCACCT,C[C@@H]1CCCO[C@@]12CCC[C@H](O2)[C@@H](C)C[C@@H]([C@@H]3C(=C)[C@H]([C@H]4[C@H](O3)CC[C@]5(O4)CC[C@@H](O5)/C=C/[C@@H](C)[C@@H]6CC(=C[C@@]7(O6)[C@@H](CC[C@H](O7)C[C@](C)(C(=O)O)O)O)C)O)O,5.964170174747172
720,GGGAGAATTCCCGCGGCAGAAGCCCACCTGGCTTTGAACTCTATGTTATTGGGTGGGGGAAACTTAAGAAAACTACCACCCTTCAACATTACCGCCCTTCAGCCTGCCAGCGCCCTGCAGCCCGGGAAGCTT,C1=CC=C2C(=C1)C(=O)C3=C(C2=O)C(=C(C=C3NC4=CC(=C(C=C4)NC5=NC(=NC(=N5)NC6=CC=CC=C6S(=O)(=O)O)Cl)S(=O)(=O)O)S(=O)(=O)O)N,4.0
746,AAAAAAAAAAAAAAAAAAAAAAAAAAAAAAAAAAAAAAAAAAAAAAAAAAAAAAAAAAAAAAAAAAAAAAAAAAAAAAAAAAAAAAAAAAAAAAAAAAAAAAAAAAAAAAAAAAAAAAAAAAAAAAAAAAAAAAAAAAAAAAAAAAAAAAAAAAAAAAAAAAAAAAAAAAAAAAAAAAAAAAAAAAAAAAAAAAAAAAAA,CC1=C2C=CN=CC2=C(C3=C1NC4=CC=CC=C43)C,5.33724216831843
930,GCGCGCGCGAAAGCGCGCGC,C1=CC(=CC=C1C(=O)NC2=NC=C(C=C2)NC(=O)C3=CC=NC=C3)F,4.52287874528034
931,CGCGAATTCGCGTTTTCGCGAATTCGCG,C1=CC(=CC=C1C(=O)NC2=NC=C(C=C2)NC(=O)C3=CC=NC=C3)F,4.30102999566398
932,CGCGAATTCGCGTTTTCGCGAATTCGCG,CCN(CC)CCOC1=CC=C(C=C1)NC2=NC(=NC3=CC=CC=C32)C4=CC=CC=C4NC(=O)CCN5CCN(CC5)C,4.67366413907125
937,GGGGCCGGGGCCGGGGCCGGGGCCGGGGCCGGGGCCGGGGCCGGGGCCGGGGCCGGGGCCGGGGCCGGGGCCGGGGCCGGGGCCGGGGCCGGGGCCGGGGCCGGGGCCGGGGCCGGGGCCGGGGCCGGGGCCGGGGCCGGGGCCGGGGCCGGGGCCGGGGCCGGGGCCGGGGCCGGGGCCGGGGCCGGGGCCGGGGCCGGGGCCGGGGCCGGGGCC,NC(=[NH2+])C1=CC=C(N=C1)C1=CC=C(O1)C1=CC=C(O1)C1=NC=C(C=C1)C(N)=[NH2+],6.38721614328026
938,GGGGCCGGGGCCGGGGCCGGGGCCGGGGCCGGGGCCGGGGCCGGGGCCGGGGCCGGGGCCGGGGCCGGGGCCGGGGCCGGGGCCGGGGCCGGGGCCGGGGCCGGGGCCGGGGCCGGGGCCGGGGCCGGGGCCGGGGCCGGGGCCGGGGCCGGGGCCGGGGCCGGGGCCGGGGCCGGGGCCGGGGCCGGGGCCGGGGCCGGGGCCGGGGCCGGGGCC,NC(=[NH2+])C1=CC=C(N=C1)C1=CC=C(S1)C1=CC=C(S1)C1=NC=C(C=C1)C(N)=[NH2+],6.58838029403677
947,GCGGCGGCGGAGGCA,[NH3+]CCNC1=C2OC=CC2=C(NCC[NH3+])C2=C1C(=O)C1=CC=CC=C1C2=O,7.1249387366083
951,GCGGCGGCGGAGGCA,[NH3+]CCNC1=C2SC=CC2=C(NCC[NH3+])C2=C1C(=O)C1=CC=CC=C1C2=O,7.04095860767891
963,CGCGAATTCGCGTTTTCGCGAATTCGCG,C(CN1C=C(CNC2=C3C=CC=CC3=[NH+]C3=C2OC2=C3C=CC=C2)N=N1)C[NH+]1CCCCC1,0.467245621007502
967,TGAGGGTGGGTAGGGTGGGTAA,C(CN1C=C(CNC2=C3C=CC=CC3=[NH+]C3=C2OC2=C3C=CC=C2)N=N1)C[NH+]1CCCCC1,5.14874165128092
992,GTGCCAGTTCGCTGGCACTGAAGGAAGGT,CC[NH+]1CCN(C[C@@H]1C)C1=CC=C2C=C(C3=CN4C=C(C)N=C(C)C4=N3)C(=O)OC2=C1,4.95860731484177
1075,CCGGTGCGCATAACCACCTCAGTGCGAGCAACGATGGCC,C/C/1=C/2\[C@@]([C@@H](C(=N2)/C=C\3/C([C@@H](C(=N3)/C(=C\4/[C@]([C@H](C([N-]4)[C@]5([C@@]([C@@H](C1=N5)CCC(=O)N)(C)CC(=O)N)C)CC(=O)N)(C)CCC(=O)NCC(C)O)/C)CCC(=O)N)(C)C)CCC(=O)N)(C)CC(=O)N.[C-]#N.[C-]#N.[Co],5.05551732784983
1076,CGCGCGAAAGCGCG,N[C@@H]1C[C@H](N)[C@H]([C@H]([C@H]1OCCCc1nnn(c1)Cc1ccc(cc1)Cn1nnc(c1)CCCO[C@@H]1[C@H](N)C[C@H]([C@@H]([C@H]1O)O)N)O)O,5.24184537803261
1077,CGCGCGAAAGCGCG,N[C@@H]1C[C@H](N)[C@H]([C@H]([C@H]1OCCCc1nnn(c1)Cc1c(C)cc(c(c1C)Cn1nnc(c1)CCCO[C@@H]1[C@H](N)C[C@H]([C@@H]([C@H]1O)O)N)C)O)O,6.20065945054642
1078,CGCGCGAAAGCGCG,N[C@@H]1C[C@H](N)[C@H]([C@H]([C@H]1OCCCc1nnn(c1)Cc1cccc(n1)Cn1nnc(c1)CCCO[C@@H]1[C@H](N)C[C@H]([C@@H]([C@H]1O)O)N)O)O,5.2958494831602
1079,CGCGCGAAAGCGCG,[C@@H]1([C@H]([C@H](O)[C@H]([C@@H](C1)N)O)OCCCc1cn(nn1)Cc1cccc(Cn2cc(nn2)CCCO[C@H]2[C@@H](C[C@@H]([C@@H](O)[C@H]2O)N)N)c1)N,5.86646109162978
1096,CGCGCACAACAAGCGCG,N[C@@H]1C[C@H](N)[C@H]([C@H]([C@H]1OCCCc1nnn(c1)Cc1ccc(cc1)Cn1nnc(c1)CCCO[C@@H]1[C@H](N)C[C@H]([C@@H]([C@H]1O)O)N)O)O,5.69250396208679
1097,CGCGCACAACAAGCGCG,[C@@H]1([C@H]([C@H](O)[C@H]([C@@H](C1)N)O)OCCCc1cn(nn1)Cc1cccc(Cn2cc(nn2)CCCO[C@H]2[C@@H](C[C@@H]([C@@H](O)[C@H]2O)N)N)c1)N,5.62160209905186
1098,CGCGCACAACAAGCGCG,N[C@@H]1C[C@H](N)[C@H]([C@H]([C@H]1OCCCc1nnn(c1)Cc1c(C)cc(c(c1C)Cn1nnc(c1)CCCO[C@@H]1[C@H](N)C[C@H]([C@@H]([C@H]1O)O)N)C)O)O,6.32790214206428
1099,CGCGCACAACAAGCGCG,N[C@@H]1C[C@H](N)[C@H]([C@H]([C@H]1OCCCc1nnn(c1)Cc1cccc(n1)Cn1nnc(c1)CCCO[C@@H]1[C@H](N)C[C@H]([C@@H]([C@H]1O)O)N)O)O,5.46597389394387
1263,CTGCTGCTGCTGCTGCTGCTGCTGCTGCTGCTGCTG,NC1=NC(NCCN(CC[NH3+])CC[NH3+])=NC(NCCCCNC(=[NH2+])C2=CC=C(C=C2)C(=[NH2+])NCCCCNC2=NC(NCCN(CC[NH3+])CC[NH3+])=NC(N)=[NH+]2)=[NH+]1,5.30102999566398
1272,CCGCCGCCGCCGCCGCCGCCGCCGCCGCCGCCGCCG,NC(=[NH2+])C1=CC=C(NC2=CC=C(C=C2)C2=CC3=CC=C(C=C3N2)C(N)=[NH2+])C=C1,5.0
1273,GGCCGGCCGGCCGGCC,NC(=[NH2+])C1=CC=C(NC2=CC=C(C=C2)C2=CC3=CC=C(C=C3N2)C(N)=[NH2+])C=C1,5.14266750356873
1274,GGGGCCGGGGCCGGGGCCGGGGCCGGGGCCGGGGCCGGGGCCGGGGCC,NC(=[NH2+])C1=CC=C(NC2=CC=C(C=C2)C2=CC3=CC=C(C=C3N2)C(N)=[NH2+])C=C1,4.82390874094432
1275,GGGGCCGGGGCCGGGGCCGGGGCCGGGGCCGGGGCCGGGGCCGGGGCC,NC(=[NH2+])C1=CC=C(NC2=CC=C(C=C2)C2=CC3=CC=C(C=C3N2)C(N)=[NH2+])C=C1,4.0
1277,CGGCGGCGGCGGCGGCGGCGGCGGCGGCGGCGGCGG,CC1=C2C=C[N+](CC[NH+]3CCCCC3)=CC2=C(C)C2=C1NC1=C2C=C(O)C=C1,6.09691001300806
1278,CGGCGGCGGCGGCGGCGGCGGCGGCGGCGGCGGCGG,CC1=C2C=C[N+](CC[NH+]3CCCCC3)=CC2=C(C)C2=C1NC1=C2C=C(O)C=C1,7.11918640771921
1279,GGCCGGCCGGCCGGCC,CC1=C2C=C[N+](CC[NH+]3CCCCC3)=CC2=C(C)C2=C1NC1=C2C=C(O)C=C1,5.07572071393812
1280,GGGGCCGGGGCCGGGGCCGGGGCCGGGGCCGGGGCCGGGGCCGGGGCC,CC1=C2C=C[N+](CC[NH+]3CCCCC3)=CC2=C(C)C2=C1NC1=C2C=C(O)C=C1,4.30102999566398
1281,GGGGCCGGGGCCGGGGCCGGGGCCGGGGCCGGGGCCGGGGCCGGGGCC,CC1=C2C=C[N+](CC[NH+]3CCCCC3)=CC2=C(C)C2=C1NC1=C2C=C(O)C=C1,4.08618614761628
1286,GGCAGCAGCAGCAGCAGCAGCAGCAGCAGCAGCAGCAGCAGCAGCAGCAGCAGCAGCC,C1=CC(=CC=C1C2=CC=C(O2)C3=CC=C(C=C3)C(=[NH2+])N)C(=[NH2+])N,4.22257317761069
1287,GGCAGCAGCAGCAGCAGCAGCAGCAGCAGCAGCAGCAGCAGCAGCAGCAGCAGCAGCC,C1=CC(=CC=C1C2=CC=C(O2)C3=CC=C(C=C3)C(=[NH2+])N)C(=[NH2+])N,3.79588001734407
1294,CGGCGGCGGCGGCGGCGGCGGCGGCGGCGGCGGCGG,C1=CC(=CC=C1C2=CC=C(O2)C3=CC=C(C=C3)C(=N)N)C(=N)N,5.69897000433602
1295,CGGCGGCGGCGGCGGCGGCGGCGGCGGCGGCGGCGG,N=[N+]=NCCCNC(=N)c1ccc(cc1)c1ccc(o1)c1ccc(cc1)C(=N)N,5.52287874528034
1303,GGGGCCGGGGCCGGGGCCGGGGCCGGGGCCGGGGCCGGGGCCGGGGCC,Oc1ccc2c(c1)c1c(C)c3c[n+](CCN4CCCCC4)ccc3c(c1[nH]2)C,5.01322826573376
1304,GGGGCCGGGGCCGGGGCCGGGGCCGGGGCCGGGGCCGGGGCCGGGGCC,NC(=N)c1ccc(cc1)Nc1ccc(cc1)c1cc2c([nH]1)cc(cc2)C(=N)N,5.0
1305,GGGGCCGGGGCCGGGGCCGGGGCCGGGGCCGGGGCCGGGGCCGGGGCC,CCN(CC)CCNC(=O)C1=CC2=C(N1)C=CC(=C2)NC(=O)C3=CC4=C(N3)C=CC(=C4)N,4.79588001734408
1900,GGAGGAGGGGGAGGAGGA,CCN(CC)CCOC1=CC=C(C=C1)NC2=NC(=NC3=CC=CC=C32)C4=CC=CC=C4NC(=O)CCN5CCN(CC5)C,6.03245202378114
1904,GGAGGAGGGGGAGGAGGA,C(CN1C=C(CNC2=C3C=CC=CC3=[NH+]C3=C2OC2=C3C=CC=C2)N=N1)C[NH+]1CCCCC1,5.86012091359876
2207,TAGGGAATTCGTCGACGGATCCTATGAACCAAGGGAGGGGCAGGGCGGGTAGGGTTAATAACGGATTCCGAGCGCCCAGCTCCTGCAGGTCGACGCATGCGCCG,CC1=C(C2=CC3=NC(=CC4=NC(=CC5=C(C(=C(N5)C=C1N2)C(C)O)C)C(=C4CCC(=O)O)C)C(=C3C)CCC(=O)O)C(C)O,4.958607314841775
2208,TAGGGAATTCGTCGACGGATCCACGAAGAAACAGGGCGCTTCGAACGAACATGGGCAGGGTGGGAAGTTTTAAAGTGGTACCTGCAGGTCGACGCATGCGCCG,CC1=C(C2=CC3=NC(=CC4=NC(=CC5=C(C(=C(N5)C=C1N2)C(C)O)C)C(=C4CCC(=O)O)C)C(=C3C)CCC(=O)O)C(C)O,5.040958607678906
2209,TAGGGAATTCGTCGACGGATCCCAGCGTAAGGTCGTGGGTGGTTGGGTGCCTAAGCGTATACTTACAGCGATTGATTTGGTCCTGCAGGTCGACGCATGCGCCG,CC1=C(C2=CC3=NC(=CC4=NC(=CC5=C(C(=C(N5)C=C1N2)C(C)O)C)C(=C4CCC(=O)O)C)C(=C3C)CCC(=O)O)C(C)O,3.920818753952375
2210,TAGGGAATTCGTCGACGGATCCGGTGCGGGTAGGGATGAGGGCGGGTCGGGTTGAGTGTGAGCTTAGGGGTGGCGGATCTACCTGCAGGTCGACGCATGCGCCG,CC1=C(C2=CC3=NC(=CC4=NC(=CC5=C(C(=C(N5)C=C1N2)C(C)O)C)C(=C4CCC(=O)O)C)C(=C3C)CCC(=O)O)C(C)O,5.200659450546418
2211,TAGGGAATTCGTCGACGGATCCCTAGAGTAACCTGTTGGGAGGGCGGGTAGGGCCCATTGAGAGGAGGACGTATTCGTCCGCCTGCAGGTCGACGCATGCGCCG,CC1=C(C2=CC3=NC(=CC4=NC(=CC5=C(C(=C(N5)C=C1N2)C(C)O)C)C(=C4CCC(=O)O)C)C(=C3C)CCC(=O)O)C(C)O,4.886056647693163
2212,TAGGGAATTCGTCGACGGATCCCAATGGGGTCGGGCGGGCCGGGTGTCATGGTGGACGGAGATGGGACGTAGAGGGCGGTCTGCAGGTCGACGCATGCGCCG,CC1=C(C2=CC3=NC(=CC4=NC(=CC5=C(C(=C(N5)C=C1N2)C(C)O)C)C(=C4CCC(=O)O)C)C(=C3C)CCC(=O)O)C(C)O,5.795880017344075
2213,TAGGGAATTCGTCGACGGATCCGCGGCAAATCAGCATACGAGTGTACAGGGACGGGACGGGTGGGTAAAAGGTGTCGCCTCAGCTGCAGGTCGACGCATGCGCCG,CC1=C(C2=CC3=NC(=CC4=NC(=CC5=C(C(=C(N5)C=C1N2)C(C)O)C)C(=C4CCC(=O)O)C)C(=C3C)CCC(=O)O)C(C)O,5.568636235841012
2214,TAGGGAATTCGTCGACGGATCCCCAACTTGGGCGGAGGGCTAACGGTGGGGGGATATTATGAGGGGTGGAGGTATTAACCATTCTGCAGGTCGACGCATGCGCCG,CC1=C(C2=CC3=NC(=CC4=NC(=CC5=C(C(=C(N5)C=C1N2)C(C)O)C)C(=C4CCC(=O)O)C)C(=C3C)CCC(=O)O)C(C)O,5.008773924307505
2215,TAGGGAATTCGTCGACGGATCCCCGGGGATTAGAATAGTGGAGGGCCGGTGGCAAATGGGTAAGTAGGTTGAAGGGCTAAATTCTGCAGGTCGACGCATGCGCCG,CC1=C(C2=CC3=NC(=CC4=NC(=CC5=C(C(=C(N5)C=C1N2)C(C)O)C)C(=C4CCC(=O)O)C)C(=C3C)CCC(=O)O)C(C)O,3.6575773191777934
2216,ATGGGGTCGGGCGGGCCGGGTGTC,CC1=C(C2=CC3=NC(=CC4=NC(=CC5=C(C(=C(N5)C=C1N2)C(C)O)C)C(=C4CCC(=O)O)C)C(=C3C)CCC(=O)O)C(C)O,3.823908740944319
2219,GACAAGGAAAATCCTTCAATGAAGTGGGTC,CN1[C@H]2CC[C@@H]1[C@H]([C@H](C2)OC(=O)C3=CC=CC=C3)C(=O)OC,4.0
2220,GGGAGACAAGGAAAATCCTTCAATGAAGTGGGTCGACA,CN1[C@H]2CC[C@@H]1[C@H]([C@H](C2)OC(=O)C3=CC=CC=C3)C(=O)OC,4.698970004336019
2224,AATTCGCTAGCTGGAGCTTGGATTGATGTGGTGTGTGAGTGCGGTGCCC,C1=CC(=CC=C1C[C@@H](C(=O)N)N)O,4.346787486224656
2225,AATTCGCTAGCCGAGCAGACGGCGTACGGAATTCGAGCTCGGTACCCGGGGATCC,C1=CC(=CC=C1C[C@@H](C(=O)N)N)O,3.1191864077192086
2249,GTACGAATTCACGAGGTTGCCAGCGGGGCCAGCCACTTCTGTCAGTGAATTCCTGCTCGTATATCTACTCGCCCGCCTGCGAGCATGGAGTCGGATCCTCTA,CC(=O)N[C@@H]1[C@H](C[C@@](O[C@H]1[C@@H]([C@@H](CO)O)O)(C(=O)O)O[C@H]2[C@H]([C@H](O[C@H]([C@@H]2O)O[C@H]([C@@H](CO)O)[C@@H]([C@H](C=O)O)O)CO)O)O,5.309803919971486
2257,ATACCAGCTTATTCAATTTGAGGCGGGTGGGTGGGTTGAATATGCTGATTACCCCATCGGAGAACGTTAAGGCGCTTCAGATAGTAAGTGCAATCT,C(CO)N,8.221848749616356
2258,ATACCAGCTTATTCAATTTGAGGCGGGTGGGTGGGTTGAATACGCTGATCACCCCATCGGAGAACGTTAAGGCGCTTTAGATAGTAAGTGCAATCT,C(CO)N,8.045757490560675
2259,ATACCAGCTTATTCAATTGCTGCGAGGTGGGTGGGTGGGAGCAATTGGTCCTCGCTTAGCTTCTACGGTGGGCTATCTAGATAGTAAGTGCAATCT,C(CO)N,7.769551078621726
2260,ATACCAGCTTATTCAATTGCTGTGAGGTGGGTGGGTGGGAGCAATTGGTCCTCGCTTAGCTTCTACGGTGGGCTATCTAGATAGTAAGTGCAATCT,C(CO)N,7.823908740944319
2261,ATACCAGCTTATTCAATTGCTGCGAGGTGGGTGGGTGGGAGCAATTGATCCTCGCTTAGCTTCTACGGTGGGCTATCTAGATAGTAAGTGCAATCT,C(CO)N,8.0
2262,ATACCAGCTTATTCAATTGCTGCGAGGTGGGTGGGTGGGAGCAATTGGTCCTTGCTTAGCTTCTACGGTGGGCTATCTAGATAGTAAGTGCAATCT,C(CO)N,7.721246399047171
2264,GATCGGGTGTGGGTGGCGTAAAGGGAGCATCGGACA,C[C@@H]1CC2=C(C=C(C(=C2C(=O)O1)O)C(=O)N[C@@H](CC3=CC=CC=C3)C(=O)O)Cl,9.69897000433602
2265,GATCGGGTGTGGGTGGCGTAAAGGGAGCATCGG,C[C@@H]1CC2=C(C=C(C(=C2C(=O)O1)O)C(=O)N[C@@H](CC3=CC=CC=C3)C(=O)O)Cl,9.69897000433602
2266,TGGTGGCTGTAGGTCAGCATCTGATCGGGTGTGGGTGGCGTAAAGGGAGCATCGGACAACG,C[C@@H]1CC2=C(C=C(C(=C2C(=O)O1)O)C(=O)N[C@@H](CC3=CC=CC=C3)C(=O)O)Cl,9.443697499232712
2267,GATCGGGTGTGGGTGGCGTAAAGGGAGCAT,C[C@@H]1CC2=C(C=C(C(=C2C(=O)O1)O)C(=O)N[C@@H](CC3=CC=CC=C3)C(=O)O)Cl,8.795880017344075
2268,GATCGGGTGTGGGTGGCGTAAAGGGAGCATCG,C[C@@H]1CC2=C(C=C(C(=C2C(=O)O1)O)C(=O)N[C@@H](CC3=CC=CC=C3)C(=O)O)Cl,9.397940008672036
2269,CGTACGGAATTCGCTAGCCGACGCGCGTTGGTGGTGGATGGTGTGTTACACGTGTTGTGGATCCGAGCTCCACGTG,C[C@@]1([C@H]2[C@@H]([C@H]3[C@@H](C(=O)C(=C([C@]3(C(=O)C2=C(C4=C1C=CC=C4O)O)O)O)C(=O)N)N(C)C)O)O,8.017276612331454
2270,CGTACGGAATTCGCTAGCACGTTGACGCTGGTGCCCGGTTGTGGTGCGAGTGTTGTGTGGATCCGAGCTCCACGTG,C[C@@]1([C@H]2[C@@H]([C@H]3[C@@H](C(=O)C(=C([C@]3(C(=O)C2=C(C4=C1C=CC=C4O)O)O)O)C(=O)N)N(C)C)O)O,7.917933065714887
2271,CGTACGGAATTCGCTAGCCGAGTTGAGCCGGGCGCGGTACGGGTACTGGTATGTGTGGGGATCCGAGCTCCACGTG,C[C@@]1([C@H]2[C@@H]([C@H]3[C@@H](C(=O)C(=C([C@]3(C(=O)C2=C(C4=C1C=CC=C4O)O)O)O)C(=O)N)N(C)C)O)O,7.245345930744568
2272,ACCATCTGTGTAAGGGGTAAGGGGTGGGGGTGGGTACGTCT,C[C@H]1[C@H]([C@H](C[C@@H](O1)O[C@H]2C[C@@](CC3=C2C(=C4C(=C3O)C(=O)C5=C(C4=O)C(=CC=C5)OC)O)(C(=O)C)O)N)O,6.565431095965801
2274,CCTTCGTTGTCTGCCTTCGTAGCGGATCGAATTACGCGTTAACGGCAACCGATAACGGGACCGATTGCACACCCTTCAGAATTCGCACCA,C([C@H]([C@@H]([C@H]([C@@H](CO)O)O)O)O)O,6.991399828238082
2275,CCTTCGTTGTCTGCCTTCGTTAGGACCGCAGACATCGACGCAGGGAAATTCCGCAAGTCCAGCCAAATGCCACCCTTCAGAATTCGCACCA,C([C@H]([C@@H]([C@H]([C@@H](CO)O)O)O)O)O,8.193820026016112
2276,CCTTCGTTGTCTGCCTTCGTAGTCGACTCTGACGCATGGACGTATCCTGTGCGTATGCATTATGAAGCACACCCTTCAGAATTCGCACCA,C([C@H]([C@@H]([C@H]([C@@H](CO)O)O)O)O)O,7.767003889607846
2279,CGTACGGAATTCGCTAGCCGGGAGGGCGGGGTGTGGTATGTATTGAGCGTGGTCCGTGGGATCCGAGCTCCACGTG,C[C@@]1([C@H]2C[C@H]3[C@@H](C(=O)C(=C([C@]3(C(=O)C2=C(C4=C1C=CC=C4O)O)O)O)C(=O)N)N(C)C)O,6.371815491926587
2280,CGTACGGAATTCGCTAGCCCCCCGGCAGGCCACGGCTTGGGTTGGTCCCACTGCGCGTGGATCCGAGCTCCACGTG,C[C@@]1([C@H]2C[C@H]3[C@@H](C(=O)C(=C([C@]3(C(=O)C2=C(C4=C1C=CC=C4O)O)O)O)C(=O)N)N(C)C)O,7.196542884351587
2289,TAGGGAATTCGTCGACGGATCCGCGGGCGATCGGCGGGGGGTGCGTGCGCTCTGTGCCAGGGGGTGGGACAGATCATATGGGGGTGCTCTGCAGGTCGACGCATGCGCCG,C1[C@@H]([C@H](O[C@H]1N2C3=C(C(=O)NC(=N3)N)NC2=O)CO)O,6.0
2290,ATACCAGCTTATTCAATTACACACCGAGACCGCACTTGTACTCCCTAGCCGCCTCCGTAGATAGTAAGTGCAATCT,C1=CC=C(C(=C1)CC(=O)O)NC2=C(C=CC=C2Cl)Cl,6.997229371898806
2291,ATACCAGCTTATTCAATTGGCAGTAGGTGTACATGCAAAGCCAGTGTGGGTCCCTGTGTAGATAGTAAGTGCAATCT,C1=CC=C(C(=C1)CC(=O)O)NC2=C(C=CC=C2Cl)Cl,6.779003302852631
2292,ATACCAGCTTATTCAATTGCCCGGCAACAGGTTGTGACATGCCAGTGCGAGACCGCCCGAGATAGTAAGTGCAATCT,C1=CC=C(C(=C1)CC(=O)O)NC2=C(C=CC=C2Cl)Cl,6.827601422060695
2293,ATACCAGCTTATTCAATTGCAACGTGGCGGTCAGTCAGCGGGTGGTGGGTTCGGTCCAGATAGTAAGTGCAATCT,C1=CC=C(C(=C1)CC(=O)O)NC2=C(C=CC=C2Cl)Cl,7.369572124974976
2294,AGCAGCACAGAGGTCAGTTCGTCCATTATTCTGGTAGCGTTGAACAACATTCAACACGCCCCTATGCGTGCTACCGTGAA,C[C@]12CC[C@H]3[C@H]([C@@H]1CC[C@@H]2O)CCC4=C3C=CC(=C4)O,4.568636235841013
2295,AGCAGCACAGAGGTCAGTTCGTCGAATCAGCACCTCTGCATAGGTTACGTTTATACTGCGCCTATGCGTGCTACCGTGAA,C[C@]12CC[C@H]3[C@H]([C@@H]1CC[C@@H]2O)CCC4=C3C=CC(=C4)O,4.443697499232713
2296,AGCAGCACAGAGGTCAGTTCAGCGTCCTCTGCATAGTGATTTACGCTATGTGTACAGTGCCCTATGCGTGCTACCGTGAA,C[C@]12CC[C@H]3[C@H]([C@@H]1CC[C@@H]2O)CCC4=C3C=CC(=C4)O,3.906578314837765
2297,AGCAGCACAGAGGTCAGTTCCATGACTCTGCATAGGTCTAATGAAACTAGTTCTTATTTACCTATGCGTGCTACCGTGAA,C[C@]12CC[C@H]3[C@H]([C@@H]1CC[C@@H]2O)CCC4=C3C=CC(=C4)O,4.2839966563652006
2298,AGCAGCACAGAGGTCAGTTCCAAGTCGTACGACACAGGGTAATCCTGTTTGGTAAAACGACCTATGCGTGCTACCGTGAA,C[C@]12CC[C@H]3[C@H]([C@@H]1CC[C@@H]2O)CCC4=C3C=CC(=C4)O,4.292429823902063
2299,AGCAGCACAGAGGTCAGTTCTTATGTCGAACTAAATTTGGCCTGACCAAGCCGAATTTGACCTATGCGTGCTACCGTGAA,C[C@]12CC[C@H]3[C@H]([C@@H]1CC[C@@H]2O)CCC4=C3C=CC(=C4)O,4.200659450546418
2300,TGTGTGTGAGACTTCGTTCCGGCGATGGGGTAGGGGGTGTGGAGGGGCCGGACGGAGGGGCAGCAAGGCATCAGAGGTAT,C[C@]12CC[C@H]3[C@H]([C@@H]1CC[C@@H]2O)CCC4=C3C=CC(=C4)O,6.045757490560675
2301,TGTGTGTGAGACTTCGTTCCCCCGGTCGGTGGGGTAGGGGGCGTGGAGTCACCGGGGGGGCAGCAAGGCATCAGAGGTAT,C[C@]12CC[C@H]3[C@H]([C@@H]1CC[C@@H]2O)CCC4=C3C=CC(=C4)O,5.221848749616356
2309,AGCACGTTGGTTAGGTCAGGTTTGGGTTTCGTGC,C1=CC=C2C(=C1)C(=CN2)C[C@@H](C(=O)O)N,5.755228238504705
2310,ATACCAGCTTATTCAATTACAGTAGTGAGGGGTCCGTCGTGGGGTAGTTGGGTCGTGGAGATAGTAAGTGCAATCT,C[C@H](C1=CC=C(C=C1)CC(C)C)C(=O)O,5.522878745280337
2311,ATACCAGCTTATTCAATTGCGAACGACTTCATAAAATGCTATAAGGTTGCCCTCTGTCAGATAGTAAGTGCAATCT,C[C@H](C1=CC=C(C=C1)CC(C)C)C(=O)O,5.2839966563652006
2312,ATACCAGCTTATTCAATTGGATCGGCGACGTGGGTGTCGTGATTCGGGGTGAGATAGTAAGTGCAATCT,C[C@H](C1=CC=C(C=C1)CC(C)C)C(=O)O,5.494850021680094
2313,ATACCAGCTTATTCAATTCCACAGACCCTTAGCTTTCCTATTATTCTGCGCGACGCTGAGATAGTAAGTGCAATCT,C[C@@H](C1=CC=C(C=C1)CC(C)C)C(=O)O,5.823908740944319
2314,ATACCAGCTTATTCAATTACAGCGTGGGCGGTGTCGGATTTTCGTATGGATGGGGATGAGATAGTAAGTGCAATCT,C[C@@H](C1=CC=C(C=C1)CC(C)C)C(=O)O,5.42021640338319
2315,AGCAGCACAGAGGTCAGATGACTTCAGTGAGTTGTCCCACGGTCGGCGAGTCGGTGGTAGCCTATGCGTGCTACCGTGAA,C1=CC(=CC=C1[C@H]([C@@H](CO)NC(=O)C(Cl)Cl)O)[N+](=O)[O-],6.115771230367396
2316,AGCAGCACAGAGGTCAGATGCACCAAGCGCAGGGAATTACATTGAAGTGTGGGATTGGCTCCTATGCGTGCTACCGTGAA,C1=CC(=CC=C1[C@H]([C@@H](CO)NC(=O)C(Cl)Cl)O)[N+](=O)[O-],4.698319050706424
2318,AGCAGCACAGAGGTCAGATGACTGAGGGCACGGACAGGAGGGGGAGAGATGGCGTGAGGTCCTATGCGTGCTACCGTGAA,C1=CC(=CC=C1[C@H]([C@@H](CO)NC(=O)C(Cl)Cl)O)[N+](=O)[O-],4.935542010773082
2319,AGCAGCACAGAGGTCAGATGATGCGGGTATATGGTGCGAGAAAACAAGGGGCATACTGGACCTATGCGTGCTACCGTGAA,C1=CC(=CC=C1[C@H]([C@@H](CO)NC(=O)C(Cl)Cl)O)[N+](=O)[O-],5.657577319177793
2320,GGGCCGTTCGAACACGAGCATGCCGGTGGGTGGTCAGGTGGGATAGCGTTCCGCGTATGGCCCAGCGCATCACGGGTTCGCACCAGGACAGTACTCAGGTCATCCTAGG,CC(C)(C1=CC=C(C=C1)O)C2=CC=C(C=C2)O,8.080921907623926
2321,GGGCCGTTCGAACACGAGCATGCCGGTGGGTGGTCAGGTGGGATAGCGTTCCGCGTATGGCCCAGCGCATCACGGGTTCGCACCAGGACAGTACTCAGGTCATCCTAGG,CCC(C)(C1=CC=C(C=C1)O)C2=CC=C(C=C2)O,0.856985199745905
2322,GGGCCGTTCGAACACGAGCATGCCGGTGGGTGGTCAGGTGGGATAGCGTTCCGCGTATGGCCCAGCGCATCACGGGTTCGCACCAGGACAGTACTCAGGTCATCCTAGG,C1=CC(=CC=C1C2=CC=C(C=C2)O)O,0.856985199745905
2323,CCTGCCACGCTCCGCAAGCTTTGTAATTTGTCTGCAGCGGTTCTTGATCGCTGACACCATATTATGAAGATAAGCTTGGCACCCGCATCGT,CC(=NC#N)N(C)CC1=CN=C(C=C1)Cl,5.302770657240282
2324,ATACCAGCTTATTCAATTAGCGAGGGCGGTGTCCAACAGCGGTTTTTTCACGAGGAGGTTGGCGGTGGAGATAGTAAGTGCAATCT,C[C@@H]1[C@H]([C@H](C[C@@H](O1)O[C@@H]2[C@H](O[C@H](C[C@@H]2O)O[C@@H]3[C@H](O[C@H](C[C@@H]3O)O[C@H]4CC[C@]5([C@@H](C4)CC[C@@H]6[C@@H]5C[C@H]([C@]7([C@@]6(CC[C@@H]7C8=CC(=O)OC8)O)C)O)C)C)C)O)O,10.30102999566398
2327,AGCGAGGGCGGTGTCCAACAGCGGTTTTTTCACGAGGAGGTTGGCGGTGG,C[C@@H]1[C@H]([C@H](C[C@@H](O1)O[C@@H]2[C@H](O[C@H](C[C@@H]2O)O[C@@H]3[C@H](O[C@H](C[C@@H]3O)O[C@H]4CC[C@]5([C@@H](C4)CC[C@@H]6[C@@H]5C[C@H]([C@]7([C@@]6(CC[C@@H]7C8=CC(=O)OC8)O)C)O)C)C)C)O)O,8.086186147616283
2328,GGTGGCTGTTGGTCGAGGCTTATTAGTGTAGTCAATGGAGGCAGGCGACG,C[C@@H]1[C@H]([C@H](C[C@@H](O1)O[C@@H]2[C@H](O[C@H](C[C@@H]2O)O[C@@H]3[C@H](O[C@H](C[C@@H]3O)O[C@H]4CC[C@]5([C@@H](C4)CC[C@@H]6[C@@H]5C[C@H]([C@]7([C@@]6(CC[C@@H]7C8=CC(=O)OC8)O)C)O)C)C)C)O)O,7.356547323513812
2329,CACCTAATACGACTCACTATAGCGGATCCGACACGGCATGGTGGGCGTCGTGCTGGCTCGAACAAGCTTGC,CC1([C@@H](N2[C@H](S1)[C@@H](C2=O)NC(=O)[C@@H](C3=CC=CC=C3)N)C(=O)O)C,8.0268721464003
2330,CACCTAATACGACTCACTATAGCGGATCCGAGCGGGCGGTTGTATAGCGGCTGGCTCGAACAAGCTTGC,CC1([C@@H](N2[C@H](S1)[C@@H](C2=O)NC(=O)[C@@H](C3=CC=CC=C3)N)C(=O)O)C,7.872895201635192
2331,TTTAGTTGGGGTTCAGTTG,CC1([C@@H](N2[C@H](S1)[C@@H](C2=O)NC(=O)[C@@H](C3=CC=CC=C3)N)C(=O)O)C,8.008773924307505
2332,CGTACGGAATTCGCTAGCCGACGCACAGTCGCTGGTGCGTACCTGGTTGCCGTTGTGTGGATCCGAGCTCCACGTG,C[C@@]1([C@H]2[C@@H]([C@H]3[C@@H](C(=O)C(=C([C@]3(C(=O)C2=C(C4=C1C=CC=C4O)O)O)O)C(=O)N)N(C)C)O)O,8.327902142064282
2334,CATCTGCAGTGTGGCACCATGGAATACGACATTGTTGGCTGTTCTTGGTTATGCGGTTTTTCGTGCTGAGCGTGAATTCGC,C1CN2C(=N[C@H]([C@H]3[C@]2(C1(O)O)NC(=N3)N)COC(=O)N)N,7.016058141016112
2337,CATCTGCAGTGTGGCACCATGTACGCCGCGGTGTACCTCCGCGTGTTACGCTACTTTCTGTGCGTGCGAGCGTGAATTCGC,C1[C@@H]([C@H]([C@@H](OC1(C(=O)O)O)[C@@H]([C@@H](CO)O)O)NC(=O)CO)O,8.175223537524454
2338,CATCTGCAGTGTGGCACCATGAGGCTCTCGATAAGTATAGACACTGAATTTCGAGGTTCTTCGTGCTGAGCGTGAATTCGC,C1[C@@H]([C@H]([C@@H](OC1(C(=O)O)O)[C@@H]([C@@H](CO)O)O)NC(=O)CO)O,8.212539525481585
2339,CATCTGCAGTGTGGCACCATGATCGCGCATCCTCGGTCGGCGGAGTCGGTGGTGTGTTCTCGTGCTGAGCGTGAATTCGC,C1[C@@H]([C@H]([C@@H](OC1(C(=O)O)O)[C@@H]([C@@H](CO)O)O)NC(=O)CO)O,8.339134521996131
2340,CATCTGCAGTGTGGCACCATGGGATCCGGGAGGGACGTTTTCTAGTACGGTCCGTTGGGTACGTGCTGAGCGTGAATTCGC,C1[C@@H]([C@H]([C@@H](OC1(C(=O)O)O)[C@@H]([C@@H](CO)O)O)NC(=O)CO)O,8.18775530319963
2341,CATCTGCAGTGTGGCACCATGTCCGTAGTGCTTTGTTTGTTGTGTGCTAGGTAGTGTTCTTCGTGCTGAGCGTGAATTCGC,C1[C@@H]([C@H]([C@@H](OC1(C(=O)O)O)[C@@H]([C@@H](CO)O)O)NC(=O)CO)O,7.134896025358872
2342,TGTAATTTGTCTGCAGCGGTTCTTGATCGCTGACACCATATTATGAAGA,CC(=NC#N)N(C)CC1=CN=C(C=C1)Cl,8.302770657240282
2343,GAATGGATCCACATCCATGGATGGGCAATGCGGGGTGGAGAATGGTTGCCGCACTTCGGCTTCACTGCAGACTTGACGAAGCTTGACGAA,C[C@]12CCC(=O)C=C1CC[C@@H]3[C@@H]2[C@H](C[C@]4([C@H]3CC[C@@]4(C(=O)CO)O)C)O,4.79317412396815
2344,ACCGACCGTGCTGGACTCTGGACTGTTGTGGTATTATTTTTGGTTGTGCAGTATGAGCGAGCGTTGCG,[Cd],7.462180904926726
2348,AGCCTCGTCTGTTCTCCCGGCAGTGTGGGCGAATCTATGCGTACCGTTCGATATCGTGGGGAAGACAAGCAGACGT,C[C@@H]1CC2=C(C=C(C(=C2C(=O)O1)O)C(=O)N[C@@H](CC3=CC=CC=C3)C(=O)O)Cl,6.537602002101044
2349,AGCCTCGTCTGTTCTCCCGGCGCATGATCATTCGGTGGGTAAGGTGGTGGTAACGTTGGGGAAGACAAGCAGACGT,C[C@@H]1CC2=C(C=C(C(=C2C(=O)O1)O)C(=O)N[C@@H](CC3=CC=CC=C3)C(=O)O)Cl,6.958607314841775
2350,CGTACGGAATTCGCTAGCGGGCGGACGCTAGGTGGTGATGCTGTGCTACACGTGTTGTGGATCCGAGCTCCACGTG,[Pd+2],5.337242168318426
2353,GAGGCAGCACTTCACACGATCTGTGAAGTTTTTGTCATGGTTTGGGGGTGGTAGGGGTGTTGTCTGCGTAATGACTGTAGTGATG,C[C@@H]1C[C@H]2[C@@H](C[C@]3([C@H](O2)C[C@H]4[C@H](O3)C(=CC(=O)O4)C)C)O[C@@H]5[C@@H]1O[C@H]6C[C@@H]7[C@](C[C@@H]8[C@@](O7)(C/C=C\[C@@H]9[C@@H](O8)C[C@@H]1[C@@H](O9)C[C@@H]2[C@@](O1)([C@H](C[C@H](O2)CC(=C)C=O)O)C)C)(O[C@@]6(CC5)C)C,5.316052869248487
2354,CTCGTCTCGTTCTCTCAGTCTTCTTCTGGCTTGGTGGTTGGTGTGTCTGCTGATTTGGTAGACACGAAGAAGAAGGAGGA,COC1=C2C3=C(C(=O)CC3)C(=O)OC2=C4[C@@H]5C=CO[C@@H]5OC4=C1,7.2971388294270705
2355,CTCGTCTCGTTCTCTCAGTCTGGTTAGCACGGGACCCAGGCTATTGGCAACTTCTAGTCCGACACGAAGAAGAAGGAGGA,COC1=C2C3=C(C(=O)CC3)C(=O)OC2=C4[C@@H]5C=CO[C@@H]5OC4=C1,7.316142794599654
2356,CTCGTCTCGTTCTCTCAGTCGGACGAAGAGAGGGGGAGAGGGGGACGGAGCTGCTAAGGTGACACGAAGAAGAAGGAGGA,COC1=C2C3=C(C(=O)CC3)C(=O)OC2=C4[C@@H]5C=CO[C@@H]5OC4=C1,7.070478899368896
2358,AGCAGCACAGAGGTCAGATGCAATAAGCGATGCGCCCTCGCCTGGGGGCCTAGTCCTCTCCTATGCGTGCTACCGTGAA,C1=CC(=CC=C1[C@H]([C@@H](CO)NC(=O)C(Cl)Cl)O)[N+](=O)[O-],7.494850021680094
2359,AGCAGCACAGAGGTCAGATGGCAGGGCACGCGGGTCGTCCACTGGAGATTACTGCTGCGCCCTATGCGTGCTACCGTGAA,C1=CC(=CC=C1[C@H]([C@@H](CO)NC(=O)C(Cl)Cl)O)[N+](=O)[O-],6.993020809425723
2360,AGCAGCACAGAGGTCATGGGGGGTGTGACTTTGGTGTGCCTATGCGTGCTACGGAA,C[C@H](CCCC(C)(C)O)[C@H]1CC[C@@H]\2[C@@]1(CCC/C2=C\C=C/3\C[C@H](CCC3=C)O)CC[C@H](CCCC(C)(C)O)[C@H]1CC[C@@H]\2[C@@]1(CCC/C2=C\C=C/3\C[C@H](CCC3=C)O)C.O,7.958607314841775
2361,AGCAGCACAGAGGTCAGATGGTCTCTACTAAAAGTTTTGATCATACCGTTCACTAATTGACCTATGCGTGCTACCGTGAA,CC(CCC1=CC=C(C=C1)O)NCC(C2=CC=C(C=C2)O)O,7.265840486755533
2362,ATGCGGATCCCGCGCGGGTCTGAGGAGTGCGCGGTGCCAGTGAGTGCGCGAAGCTTGCGC,CC1([C@@H](N2[C@H](S1)[C@@H](C2=O)NC(=O)CC3=CC=CC=C3)C(=O)O)C,6.416801226031377
2363,AAGGGATGCCGTTTGGGCCCAAGTTCGGCATAGTG,C[C@]12CC[C@H]3[C@H]([C@@H]1CC[C@@H]2O)CCC4=C3C=CC(=C4)O,4.443697499232713
2364,CGACCAGCTCATTCCTCACCACGAGAAAGGAGCTCGATGAACTGCGACGGATTCGACCCTATGCGAGTAGGTGGTGGATCCGAGCTCACCAGT,CC1C(=O)C(=C(O1)C)O,8.958607314841775
2365,ATACCAGCTTATTCAATTCTACCAGCTTTGAGGCTCGATCCAGCTTATTCAATTATACCAGCTTATTCAATTATACCAGCACAATCGTAATCAGTTAG,C[C@H]1CCCC(=O)CCC/C=C/C2=C(C(=CC(=C2)O)O)C(=O)O1,7.818156412055227
2366,ACCGTCTGAGCGATTCGTACTTTATTCGGGAAGGGTATCAGCGGGG,CCNC1=NC(=NC(=N1)Cl)NC(C)C,8.431798275933005
2368,ATACCAGCTTATTCAATTCAGGAAGACAACTCCGACTAGAATTGATAATCAAGAATTCGTCTGGGGGGAATGTGCGAGATAGTAAGTGCAATCT,CC1([C@@H](N2[C@H](S1)[C@@H](C2=O)NC(=O)[C@@H](C3=CC=CC=C3)NC(=O)N4CCNC4=O)C(=O)O)C,7.259637310505756
2369,ATTGGCACTCCACGCATAGGACGCATAGGGTGCGACCACATACGCCCCATGTATGTCCCTTGGTTGTGCCCTATGCGTCCTATGCGTGCTACCGTGAA,CCCCC(CC)COC(=O)C1=CC=CC=C1C(=O)OCC(CC)CCCC,8.645891560852599
2370,TCCAGCACTCCACGCATAACGAATTGTGCTCAATGCGCCCCTGCAGTGAATGTGGAATTTGTTATGCGTGCGACGGTGAA,C1=CC=C(C(=C1)C(C2=CC=C(C=C2)Cl)C(Cl)(Cl)Cl)Cl,6.384786665198641
2371,GCTGTGTGACTCCTGCAAACTACTGGTGTTCCTTGCCCTGTTTCAATAAATCGTGTGTGCCGCAGCTGTATCTTGTCTCC,C[C@@H]1C[C@@H]([C@@H]2[C@H](C[C@H]([C@@](O2)(C(=O)C(=O)N3CCCC[C@H]3C(=O)O[C@@H]([C@@H]([C@H](CC(=O)[C@@H](/C=C(/C1)\C)CC=C)O)C)/C(=C/[C@@H]4CC[C@H]([C@@H](C4)OC)O)/C)O)C)OC)OC,7.248336053739013
2372,GCTGTGTGACTCCTGCAAACTACTGGTGTTCCTTGCCCTGTTTCAATAAATCGTGTGTGCCGCAGCTGTATCTTGTCTCC,C[C@@H]1C[C@@H]([C@@H]2[C@H](C[C@H]([C@@](O2)(C(=O)C(=O)N3CCCC[C@H]3C(=O)O[C@@H]([C@@H]([C@H](CC(=O)[C@@H](/C=C(/C1)\C)CC=C)O)C)/C(=C/[C@@H]4CC[C@H]([C@@H](C4)OC)O)/C)O)C)OC)OC,6.7447274948966935
2373,ATACCAGCTTATTCAATTATTCAATTCGAGGCGGGTGGGTGGGTTGAATGATAGTAAGTGCAATCT,C1[C@@H]2[C@H]([C@H]([C@@H](O2)N3C=NC4=C(N=CN=C43)N)O)OP(=O)(O1)O,3.0
2374,CGTTAGACG,CC1=CC(=NC(=N1)NS(=O)(=O)C2=CC=C(C=C2)N)C,7.609064892896621
2375,TAGGGAAGAGAAGGACATATGATGAAAGAGCCGGACGGGGGGCTGGCAAGGGACGGGGGGGCTGTTGACTAGTACATGACCACTTGA,CCC(C)C(C(=O)O)NC(=O)C1CCCN1C(=O)C(CCC(=O)O)NC(=O)C(C(C)C)NC(=O)C(CC2=CC=CC=C2)NC(=O)C3CCCN3C(=O)C(CC4=CC=C(C=C4)O)N,7.5386515663520175
