,5′ Линкер и Спейсер,Последовательность Аптамера 5′→3′,3′ Линкер и Спейсер,Kd (нМ),Антибиотик,DOI
1,NH2-C6,GCG GGC GGT TGT ATA GCG G,-,13.4,ампициллин, 10.1007/s00216-011-5662-3
2,ФАМ,GGG TCT GAG TGC GCG GTG CCA GTG AGT,-,"383,4",пенициллин G,10.1016/j.ab.2017.05.013
3,-,TGG GGG TTG AGG CTA AGC CGA,-,8.38,канамицин,
4,SH,TCC GTG TAT AGG TCG GGT CTC TTG CCA ACT GAT TCG AAA AGT ATA GCC CCG CAG GG,-,260,тобрамицин,10.1021/acscombsci.5b00023
5,SH,TAG GGA ATT CGT CGA CGA ATC CGG GGT CTG GTG TTC TTT GTT CGTB TCG GGT CGT CTG CAG GTC GAC GCA TGC GCC G,-,199.1,стрептомицин, 10.1016/j.talanta.2013.01.064
6,-,GGG AAT TCG AGC TCG GTA CCA TCT GTG TAA GGG GTA AGG GG GG GGT GGG TAC GTC TAG CTG CAG GCA TGC AAG CTT GG,-,20,дауномицин,10.1016/j.ab.2007.09.007
7,SH-(CH2)6,ACT TCA GTG AGT TGT CCC ACG GTC GGC GAG TCG GTG GTA GG,,766,хлорамфеникол,10.1016/j.jbiotec.2011.06.043
8,SH-(CH2)6,ATA CCA GCT TAT TCA ATT TGT GTA TTG AGG TTT GAT CTA GGC ATA GTC AAC AGA GCA CGA TCG ATC TGG CTT GTT CTA CAA TCG TAA TCA GTT AG,,0.2,офлоксацин,10.1016/j.snb.2016.09.075
9,-,CGA ACG CGC GTT GGT GGA TGG TGT GTT ACA CGT GTT GT,-,9.61,окситетрациклин,10.1016/j.bmc.2007.10.073
10,-,CGT ACG GAA TTC GCT AGC CCC CCG GCA GGC CAC GGC TTG GGT TGG TCC CAC TGC GCG TGG ATC CGA GCC CCA CGT G,-,3.4,тетрациклин,10.1016/j.bmc.2008.06.033
11,ФАМ,GGGACGTTAGCTTCCGATAGCCTAGTCCGGG,,,,
12,,TGGACTCGGATCGTACGGTGACCCTTAGAAGC,Biotin,,,
13,,AGCGTTAGGCTACGATCCGGTAAGTCGGTAGG,ФАМ,,,
14,,CGGTTAGCTGACTGATCGGATCGGCAATCGTT,,,,
15,,TACGGCCTAGGATCGACTTGGCAGTTCGAGGA,,,,